month,Diesel and other distillate (b/d),Gasoline and blendstocks (b/d),Propane and other gas liquids (b/d),total (b/d)
2024-01,784097,1542387,94258,2420742
2024-02,766276,1532172,66759,2365207
2024-03,725742,1488032,43032,2256806
2024-04,681100,1417900,51067,2150067
2024-05,702903,1477258,39742,2219903
2024-06,707867,1392533,5967,2106367
2024-07,688387,1463806,16484,2168677
2024-08,784290,1465935,29032,2279258
2024-09,724833,1493367,42900,2261100
2024-10,720323,1473194,52290,2245806
2024-11,802333,1492867,47367,2342567
2024-12,785000,1529516,77806,2392323
2025-01,770161,1471355,108968,2350484
2025-02,880643,1674750,84893,2640286
2025-03,765710,1508065,57903,2331677
2025-04,680333,1489433,34233,2204000
2025-05,627323,1509097,28258,2164677
2025-06,593667,1520233,30567,2144467
2025-07,664452,1565903,29032,2259387
2025-08,701742,1624645,33065,2359452
2025-09,713967,1544567,41800,2300333
2025-10,664677,1499935,52710,2217323
2025-11,791500,1512133,58700,2362333
2025-12,847387,1577065,89226,2513677
2026-01,837258,1597548,93613,2528419
2026-02,907143,1652250,93821,2653214
2026-03,821419,1642097,51774,2515290
2026-04,708333,1518100,26667,2253100
2026-05,632935,1569774,27258,2229968
2026-06,613267,1631067,30000,2274333
