layer,name,operator,pipename,fids,route,capacity_bpd,measure,as_of,source_type,source,source_url,quote,note,use_width
refined,"Colonial Pipeline, Houston to Greensboro (Lines 1 and 2)",COLONIALPIPELINE CO,Colonial,40:s,"Houston, TX to Greensboro, NC",2500000,Capacity,2022,Official (EIA),"EIA, This Week in Petroleum, 15 Jun 2022",https://www.eia.gov/petroleum/weekly/archive/2022/220615/includes/analysis_print.php,"Transportation fuels markets in the Gulf Coast and East Coast are linked primarily by the 2.5 million b/d Colonial Pipeline and by the 720,000 b/d Products (SE) Pipeline (formerly known as the Plantation Pipeline).","Line 1 carries about 1.4M b/d of gasoline and Line 2 about 1.1M b/d of diesel, heating oil and jet fuel (EIA, This Week in Petroleum, 21 Sep 2016: https://www.eia.gov/petroleum/weekly/archive/2016/160921/includes/analysis_print.php). Drawn on the mainline only; laterals are thin",Y
refined,"Colonial Pipeline, Greensboro to New York Harbor (Lines 3 and 4)",COLONIALPIPELINE CO,Colonial,40:n,"Greensboro, NC to Baltimore, MD (Line 4) and Linden, NJ (Line 3)",1389000,"Capacity (Line 3 885,000 + Line 4 504,000)",2016,Official (EIA study),"EIA, East Coast and Gulf Coast Transportation Fuels Markets (prepared by ICF), Feb 2016, Table 5",https://www.eia.gov/analysis/transportationfuels/padd1n3/pdf/transportation_fuels_padd1n3.pdf,"Northern Lines Line 3 Mixed Products Greensboro, NC Linden, NJ 885,000 Line 4 Mixed Products Greensboro, NC Dorsey, MD 504,000 Total 1,389,000","Line 3 runs to Linden, NJ (New York Harbor) and Line 4 to Dorsey/Sykesville, MD (Baltimore). The same report gives the southern lines as Line 1 1,370,000 (gasoline) and Line 2 1,160,000 (distillate), total 2,530,000",Y
refined,Products SE Pipeline (formerly Plantation),KINDER MORGAN,Plantation,61,"Baton Rouge, LA to Washington, DC area",720000,Capacity,2022,Official (EIA),"EIA, This Week in Petroleum, 15 Jun 2022",https://www.eia.gov/petroleum/weekly/archive/2022/220615/includes/analysis_print.php,"... and by the 720,000 b/d Products (SE) Pipeline (formerly known as the Plantation Pipeline).","Renamed from Plantation: Kinder Morgan's 10-K for 2025 lists the ""Products (SE) pipeline"" (3,181 miles, 51% owned via Products (SE) Pipe Line Corporation): https://www.sec.gov/Archives/edgar/data/1506307/000150630726000011/kmi-20251231.htm. Earlier: about 710,000 b/d after a 2001 expansion (Kinder Morgan Energy Partners 10-K405 for 2001: https://www.sec.gov/Archives/edgar/data/888228/000095012902000816/h94309e10-k405.txt). Drawn on the mainline only; laterals are thin",Y
refined,Explorer Pipeline (Houston to Tulsa and Wood River),EXPLORER PIPELINE,Houston - Woodriver,,"Port Arthur/Houston, TX to Tulsa, OK and Wood River, IL",660000,Capacity,2025,Company SEC filing,"Phillips 66, Form 10-K for 2025 (pipeline table: Explorer, 660 MB/D gross capacity); Explorer Pipeline history page",https://www.sec.gov/Archives/edgar/data/1534701/000153470126000006/psx-20251231.htm,"Explorer Texas/Indiana 22 1,830 660 [interest %, miles, gross capacity MB/D]","Explorer: southern system (Houston to Tulsa) 660,000 b/d; northern system (Tulsa to Hammond) 450,000 b/d (https://www.expl.com/2205-2/). The EIA route runs through to Wood River as one line, drawn at the southern figure",Y
refined,Explorer Pipeline (Wood River to Hammond),EXPLORER PIPELINE,Wood River - Hammond,,"Wood River, IL to Hammond, IN (Chicago)",450000,Capacity,2025,Company website,Explorer Pipeline Company: Our History,https://www.expl.com/2205-2/,"The northern system currently has a capacity of 450,000 barrels per day",,Y
refined,Gold Line,PHILLIPS 66 PIPELINE,Goldline,,"Borger, TX to East St. Louis, IL",120000,Capacity,2025,Company SEC filing,"Phillips 66, Form 10-K for 2025, pipeline table",https://www.sec.gov/Archives/edgar/data/1534701/000153470126000006/psx-20251231.htm,Gold Line Texas/Illinois 100 686 120,,Y
refined,Yellowstone Pipeline,PHILLIPS 66 PIPELINE,Yellowstone,,"Billings, MT to Spokane/Moses Lake, WA",68000,Capacity,2025,Company SEC filing,"Phillips 66, Form 10-K for 2025, pipeline table",https://www.sec.gov/Archives/edgar/data/1534701/000153470126000006/psx-20251231.htm,Yellowstone Montana/Washington 46 710 68,,Y
refined,Pioneer Pipeline,PHILLIPS 66 PIPELINE,Pioneer,,"Sinclair, WY to Salt Lake City, UT",63000,Capacity,2025,Company SEC filing,"Phillips 66, Form 10-K for 2025, pipeline table",https://www.sec.gov/Archives/edgar/data/1534701/000153470126000006/psx-20251231.htm,Pioneer Wyoming/Utah 50 562 63,,Y
refined,Borger to Denver,PHILLIPS 66 PIPELINE,Borger - Denver,,"Borger, TX to Denver, CO",39000,Capacity,2025,Company SEC filing,"Phillips 66, Form 10-K for 2025, pipeline table",https://www.sec.gov/Archives/edgar/data/1534701/000153470126000006/psx-20251231.htm,Borger-Denver Texas/Colorado 65 207 39,,Y
refined,UNEV Pipeline,UNEV PIPELINE,UNEV Pipeline,,"Woods Cross (Salt Lake City), UT to Las Vegas, NV",62000,Capacity,2020,Company SEC filing,"Holly Energy Partners, Form 10-K for 2020, pipeline table",https://www.sec.gov/Archives/edgar/data/1283140/000128314021000012/hfc-20201231.htm,"Woods Cross, UT to Las Vegas, NV 12 427 62,000 [diameter in, miles, capacity bpd]",,Y
refined,Northwest Products System (Salt Lake City to Spokane),CHEVRON PIPE LINE CO,Salt Lake Products,,"Salt Lake City, UT to Boise, ID, Pasco and Spokane, WA",87000,Throughput (2012 average),2012,Company SEC filing,"Tesoro Logistics, press release filed with the SEC (Exhibit 99.1), 2013",https://www.sec.gov/Archives/edgar/data/1507615/000150761513000038/tllpex991pressrelease.htm,"For 2012, throughput volumes on the pipeline system averaged approximately 87,000 barrels per day.",Sold by Chevron to Tesoro Logistics in 2013; now operated by Marathon. Capacity not published; drawn at 2012 throughput,Y
refined,Wolverine Pipe Line,WOLVERINE PIPELINE CO,Wolverine-Mainline System,,Chicago area to Michigan and northwest Indiana,357000,Throughput (about 15 million gallons a day),2026,Company website,Wolverine Pipe Line Company: Who is Wolverine,https://wolverinepipeline.com/who-is-wolverine-pipe-line-company/,approximately fifteen million gallons of products a day,"15 million gallons at 42 gallons a barrel is about 357,000 b/d. Capacity not published; drawn at stated throughput",Y
refined,Olympic Pipeline,ENBRIDGE,Olympic,,"Blaine/Ferndale, WA to Portland, OR",300000,Capacity (press-reported),,Press,"Skagit Valley Herald (goskagit.com), citing BP; Global Energy Monitor gives about 325,000",https://www.goskagit.com/news/local_news/work-planned-for-olympic-pipeline/article_e21abba8-d69e-5735-bace-223d07386733.html,,Not confirmed from an operator or official document; drawn at the reported figure,Y
refined,"Laurel Pipeline, Duncansville to Coraopolis (Pittsburgh)",BUCKEYE PARTNERS,*,251,"Duncansville, PA to Coraopolis, PA",180000,Capacity,2016,Official (EIA study),"EIA, East Coast and Gulf Coast Transportation Fuels Markets (prepared by ICF), Feb 2016, Table 17",https://www.eia.gov/analysis/transportationfuels/padd1n3/pdf/transportation_fuels_padd1n3.pdf,"Duncansville, PA Coraopolis, PA 180,000",,Y
refined,"Laurel Pipeline, Mechanicsburg to Duncansville",BUCKEYE PARTNERS,*,326,"Mechanicsburg, PA to Duncansville, PA",216000,Capacity,2016,Official (EIA study),"EIA, East Coast and Gulf Coast Transportation Fuels Markets (prepared by ICF), Feb 2016, Table 17",https://www.eia.gov/analysis/transportationfuels/padd1n3/pdf/transportation_fuels_padd1n3.pdf,"Mechanicsburg, PA Duncansville, PA 216,000",,Y
refined,"Laurel Pipeline, Booth (Philadelphia) to Mechanicsburg",BUCKEYE PARTNERS,*,252,"Booth, PA to Mechanicsburg, PA",312000,Capacity,2016,Official (EIA study),"EIA, East Coast and Gulf Coast Transportation Fuels Markets (prepared by ICF), Feb 2016, Table 17",https://www.eia.gov/analysis/transportationfuels/padd1n3/pdf/transportation_fuels_padd1n3.pdf,"Laurel Pipeline Booth, PA Mechanicsburg, PA 312,000",The EIA route for this stretch is labelled Buckeye,Y
refined,CALNEV Pipeline,KINDER MORGAN,CALNEV,,"Colton, CA to Las Vegas, NV",108300,Throughput (2012 average),2012,Company SEC filing,"Kinder Morgan, Inc., Form 10-K for 2012",https://www.sec.gov/Archives/edgar/data/1506307/000150630713000015/kmi-20121231x10k.htm,"In 2012, the Calnev pipeline system transported approximately 108,300 barrels per day of refined products","Capacity not published. Wikipedia and Global Energy Monitor give about 128,000 b/d",Y
refined,Centennial Pipeline,MARATHON PIPE LINE,Centenial Pipeline,,"Beaumont, TX to Bourbon, IL",210000,Capacity,2016,Official (EIA study),"EIA, East Coast and Gulf Coast Transportation Fuels Markets (prepared by ICF), Feb 2016, Table 33",https://www.eia.gov/analysis/transportationfuels/padd1n3/pdf/transportation_fuels_padd1n3.pdf,"Centennial Pipeline Beaumont, TX Bourbon, IL 795 210,000 (A) Largely idle since mid-2011.","EIA: largely idle since mid-2011; its owners (Marathon, Enterprise) have considered converting it to carry NGLs south. Drawn at capacity",Y
refined,SFPP East Line (Kinder Morgan),KINDER MORGAN,*,181:s,"El Paso, TX to Phoenix, AZ",200000,Capacity,2016,Official (EIA study),"EIA, East Coast and Gulf Coast Transportation Fuels Markets (prepared by ICF), Feb 2016, Tables 30 and 41",https://www.eia.gov/analysis/transportationfuels/padd1n3/pdf/transportation_fuels_padd1n3.pdf,"Kinder Morgan SFPP East Line El Paso, TX Phoenix, AZ 230 200,000","Two parallel pipelines (EIA West Coast report, 2015)",Y
refined,SFPP West Line (Kinder Morgan),KINDER MORGAN,*,181:n,"Colton (Los Angeles area), CA to Phoenix, AZ",69000,Throughput (2013),2013,Official (EIA study),"EIA, West Coast Transportation Fuels Markets, Sep 2015",https://www.eia.gov/analysis/transportationfuels/padd5/pdf/transportation_fuels.pdf,"The Kinder Morgan West Line ... in 2013, it moved 35,000 b/d of gasoline, 6,000 b/d of jet, and 28,000 b/d of distillate to Phoenix, Arizona.","Capacity not published; EIA notes the West Line operates well below capacity. Drawn at 2013 throughput (35,000 + 6,000 + 28,000)",Y
refined,"SFPP North Line, Oregon Line and San Diego Line (Kinder Morgan)",KINDER MORGAN,SFPP_NORTH,,"Los Angeles and Bay Area to Arizona, Nevada and Oregon; El Paso to Phoenix",,Not published,,Company website,Kinder Morgan Products Pipelines,https://kindermorgan.com/Operations/Products/Index,,"No capacity published for these lines. Kinder Morgan: its Pacific system as a whole moves more than one million b/d (Pacific Operations brochure, March 2025: https://www.kindermorgan.com/WWWKM/media/Documents/2025-March-Pacific-ops-brochure.pdf)",N
refined,"Networks with no single capacity (Magellan/ONEOK, NuStar, Buckeye, TEPPCO, Marathon, BP, Sunoco and others)",,,,Gulf Coast and Mid-Continent to the Midwest and Northeast,,Not published,,Company SEC filing,"e.g. Magellan Midstream Partners, Form 10-K for 2022: a 9,800-mile refined products system with no capacity by line",https://www.sec.gov/Archives/edgar/data/1126975/000112697523000064/mmp-20221231.htm,,Drawn thin where no segment figure exists. Segment figures from the EIA regional studies are listed as their own rows,N
crude,Enbridge Canadian Mainline,ENBRIDGE,Mainline,9,"Edmonton, AB to the US border at Neche, ND / Gretna, MB",3200000,Capacity,2025,Company SEC filing,"Enbridge Inc., Form 10-K for 2025",https://www.sec.gov/Archives/edgar/data/895728/000119312526049810/enb-20251231.htm,The Canadian Mainline includes six adjacent pipelines with a combined operating capacity of approximately 3.2 mmbpd that connect with the Lakehead System at the Canada/US border,,Y
crude,"Enbridge Lakehead System, border to Superior (excluding Line 67)",ENBRIDGE,Lakehead,4,"Neche, ND to Superior, WI",2400000,Derived capacity,2025,Derived from official and company figures,"Enbridge 10-K for 2025 (Mainline 3.2 mmbpd) less Line 67 (800,000 b/d, EIA liquids pipeline projects database)",https://www.eia.gov/petroleum/xls/EIA_LiqPipProject.xlsx,,"Line 67 (Alberta Clipper) is drawn separately, so this segment is drawn at 3.2M less 0.8M. Enbridge does not publish a figure for this segment on its own",Y
crude,Enbridge Line 5,ENBRIDGE,Lakehead,7,"Superior, WI to Sarnia, ON via Michigan",540000,Capacity,2026,Company website,Enbridge: What is Line 5?,https://www.enbridge.com/projects-and-infrastructure/public-awareness/line-5-answering-your-questions/what-is-line-5,"transports up to 540,000 barrels per day (bpd) of light crude oil, light synthetic crude, and natural gas liquids",,Y
crude,Enbridge Alberta Clipper (Line 67),ENBRIDGE,Alberta Clipper,,"Hardisty, AB to Superior, WI",800000,Capacity,2017,Official (EIA),"EIA, Liquids pipeline projects database (IDs 83 and 128)",https://www.eia.gov/petroleum/xls/EIA_LiqPipProject.xlsx,"Upgrading of pumps brought U.S. capacity up from 570,000 b/d to 800,000 b/d",,Y
crude,Enbridge Southern Access (Line 61),ENBRIDGE,Southern Access,,"Superior, WI to Flanagan, IL",1200000,Capacity,2021,Official (EIA),"EIA, Liquids pipeline projects database (ID 199)",https://www.eia.gov/petroleum/xls/EIA_LiqPipProject.xlsx,"Capacity increased from 950,000 b/d to 1,200,000 b/d.",,Y
crude,Spearhead Pipeline,ENBRIDGE,Spearhead,,"Flanagan, IL to Cushing, OK",193000,Capacity,2025,Company SEC filing,"Enbridge Inc., Form 10-K for 2025",https://www.sec.gov/Archives/edgar/data/895728/000119312526049810/enb-20251231.htm,The Spearhead Pipeline has a capacity of approximately 193 kbpd.,,Y
crude,Ozark Pipeline (Midcontinent),ENBRIDGE,Midcontinent (Ozark),,"Cushing, OK to Wood River, IL",360000,Capacity,2018,Official (EIA),"EIA, Liquids pipeline projects database (ID 138)",https://www.eia.gov/petroleum/xls/EIA_LiqPipProject.xlsx,"Capacity expanded from about 230,000 b/d to 360,000 b/d.",,Y
crude,Express Pipeline,SPECTRA ENERGY,Express System,,"Hardisty, AB to Casper, WY",310000,Capacity,2025,Company SEC filing,"Enbridge Inc., Form 10-K for 2025",https://www.sec.gov/Archives/edgar/data/895728/000119312526049810/enb-20251231.htm,The 310 kbpd Express Pipeline carries crude oil to US refining markets in the Rocky Mountains area,,Y
crude,Platte Pipeline,SPECTRA ENERGY,Platte Pipeline,,"Casper, WY to Wood River, IL",145000,Capacity,2025,Company SEC filing,"Enbridge Inc., Form 10-K for 2025",https://www.sec.gov/Archives/edgar/data/895728/000119312526049810/enb-20251231.htm,The 145 to 164 kbpd Platte Pipeline,164k b/d on the first segment (Casper to Guernsey); 145k b/d beyond,Y
crude,"Keystone Pipeline, Hardisty to Steele City",TRANSCANADA,Keystone,49;50,"Hardisty, AB to Steele City, NE",591000,Capacity,2011,Official (EIA),"EIA, Liquids pipeline projects database (ID 3)",https://www.eia.gov/petroleum/xls/EIA_LiqPipProject.xlsx,"brought capacity of the entire system up to 591,000 b/d","Now owned by South Bow. Later optimisations are reported to have raised it to about 622,000 b/d (S&P Global, July 2022). Legs beyond Steele City to Patoka and Cushing are drawn thin: their split is not published",Y
crude,Keystone Gulf Coast Project,TRANSCANADA,Gulf Coast Project,,"Cushing, OK to Port Arthur, TX",700000,Capacity,2014,Official (EIA),"EIA, Liquids pipeline projects database (ID 45)",https://www.eia.gov/petroleum/xls/EIA_LiqPipProject.xlsx,"Extension of Keystone Pipeline that goes from Cushing, Oklahoma, to refineries in Port Arthur, Texas. Expandable to 830,000 b/d.",,Y
crude,Dakota Access Pipeline,ENERGY TRANSFER,Dakota Access Pipeline (DAPL),185,"Bakken, ND to Patoka, IL",750000,Capacity,2025,Company SEC filing,"Enbridge Inc., Form 10-K for 2025 (Bakken Pipeline System)",https://www.sec.gov/Archives/edgar/data/895728/000119312526049810/enb-20251231.htm,The Bakken Pipeline System consists of the Dakota Access Pipeline ... and the Energy Transfer Crude Oil Pipeline ... Current capacity is approximately 750 kbpd of crude oil,,Y
crude,Energy Transfer Crude Oil Pipeline (ETCO),ENERGY TRANSFER,ETCO Pipeline,,"Patoka, IL to Nederland, TX",750000,Capacity,2025,Company SEC filing,"Enbridge Inc., Form 10-K for 2025 (Bakken Pipeline System)",https://www.sec.gov/Archives/edgar/data/895728/000119312526049810/enb-20251231.htm,Current capacity is approximately 750 kbpd of crude oil,Same system capacity as Dakota Access,Y
crude,Pony Express Pipeline,TALLGRASS ENERGY,Pony Express Pipeline,,"Guernsey, WY to Cushing, OK",400000,Capacity,2018,Official (EIA),"EIA, Liquids pipeline projects database (ID 145)",https://www.eia.gov/petroleum/xls/EIA_LiqPipProject.xlsx,"Pump enhancements expand capacity from 320,000 b/d to 400,000 b/d",,Y
crude,Saddlehorn Pipeline,MAGELLAN MIDSTREAM PARTNERS,Saddlehorn Grand Mesa Pipeline,,"Platteville, CO to Cushing, OK",290000,Capacity,2025,Company SEC filing,"Plains All American, Form 10-K for 2025",https://www.sec.gov/Archives/edgar/data/1070423/000107042326000014/paa-20251231.htm,"owns approximately 290,000 barrels per day of capacity in the Saddlehorn Pipeline",The EIA route combines Saddlehorn and Grand Mesa; drawn at Saddlehorn's capacity,Y
crude,Seaway Pipeline,ENTERPRISE PRODUCTS PARTNERS,Seaway,,"Cushing, OK to Freeport/Houston, TX",950000,Capacity,2025,Company SEC filing,"Enterprise Products Partners, Form 10-K for 2025",https://www.sec.gov/Archives/edgar/data/1061219/000106121926000006/epd-20251231.htm,The aggregate transportation capacity of the Longhaul System is approximately 950 MBPD,,Y
crude,Gray Oak Pipeline,PHILLIPS 66 PIPELINE,Gray Oak Pipeline,,Permian Basin to Corpus Christi and Freeport,900000,Capacity,2025,Company SEC filing,"Phillips 66, Form 10-K for 2025, pipeline table",https://www.sec.gov/Archives/edgar/data/1534701/000153470126000006/psx-20251231.htm,Gray Oak Pipeline Texas 7 862 900,,Y
crude,Cactus Pipeline,PLAINS ALL AMERICAN PIPELINE,Cactus Pipeline,,"McCamey, TX to Gardendale/Corpus Christi, TX",390000,Capacity,2025,Company SEC filing,"Plains All American, Form 10-K for 2025",https://www.sec.gov/Archives/edgar/data/1070423/000107042326000014/paa-20251231.htm,"the Cactus Pipeline, which has a capacity of 390,000 barrels per day","Cactus II (Wink to Ingleside, 670,000 b/d per EIA) is not a separate route in the EIA layer",Y
crude,EPIC Crude Pipeline,EPIC,EPIC Crude Pipeline,,Permian Basin to Corpus Christi,600000,Capacity,2020,Official (EIA),"EIA, Liquids pipeline projects database (ID 163)",https://www.eia.gov/petroleum/xls/EIA_LiqPipProject.xlsx,"Database field Added Capacity: 600,000 b/d (EPIC Crude Pipeline, completed 2020)",,Y
crude,BridgeTex Pipeline,MAGELLAN MIDSTREAM PARTNERS,BridgeTex,,"Colorado City, TX to Houston, TX",440000,Capacity,2025,Company SEC filing,"Plains All American, Form 10-K for 2025",https://www.sec.gov/Archives/edgar/data/1070423/000107042326000014/paa-20251231.htm,"The BridgeTex pipeline has a capacity of approximately 440,000 barrels per day",,Y
crude,Longhorn Pipeline,MAGELLAN MIDSTREAM PARTNERS,Longhorn,,"Crane, TX to Houston, TX",275000,Capacity,2014,Official (EIA),"EIA, Liquids pipeline projects database (ID 69)",https://www.eia.gov/petroleum/xls/EIA_LiqPipProject.xlsx,"Capacity increased from 225,000 b/d to 275,000 b/d.",,Y
crude,Basin Pipeline,PLAINS ALL AMERICAN PIPELINE,Basin,32,"Wink/Midland, TX to Cushing, OK",450000,Capacity (Colorado City to Cushing segment),2012,Official (EIA),"EIA, Liquids pipeline projects database (IDs 19 and 90)",https://www.eia.gov/petroleum/xls/EIA_LiqPipProject.xlsx,"Segment from Colorado City, Texas, to Cushing, Oklahoma, had its capacity increased from 400,000 b/d to 450,000 b/d.","EIA draws Basin as one route from the Permian to Cushing; the Wink to Midland segment was expanded to 600,000 b/d in 2015 (ID 90)",Y
crude,Midland-to-ECHO 1 (Midland to Sealy),ENTERPRISE PRODUCTS PARTNERS,Midland to Sealy,,"Midland, TX to Sealy/Houston, TX",620000,Capacity,2025,Company SEC filing,"Enterprise Products Partners, Form 10-K for 2025",https://www.sec.gov/Archives/edgar/data/1061219/000106121926000006/epd-20251231.htm,The Midland-to-ECHO 1 Pipeline has an approximate maximum transportation capacity of up to 620 MBPD,,Y
crude,Diamond Pipeline,PLAINS ALL AMERICAN PIPELINE,Diamond Pipeline,,"Cushing, OK to Memphis, TN",200000,Capacity,2025,Company SEC filing,"Plains All American, Form 10-K for 2025",https://www.sec.gov/Archives/edgar/data/1070423/000107042326000014/paa-20251231.htm,"The Diamond Pipeline has a total capacity of approximately 200,000 barrels per day.",,Y
crude,Bayou Bridge Pipeline,ENERGY TRANSFER,Bayou Bridge Pipeline,,"Nederland, TX to St. James, LA",480000,Capacity,2025,Company SEC filing,"Phillips 66, Form 10-K for 2025, pipeline table",https://www.sec.gov/Archives/edgar/data/1534701/000153470126000006/psx-20251231.htm,Bayou Bridge Texas/Louisiana 40 213 480,,Y
crude,Capline,SHELL PIPELINE COMPANY,Capline,,"Patoka, IL to St. James, LA (flow reversed southbound in 2021)",300000,Initial capacity after reversal,2021,Official (EIA),"EIA, Liquids pipeline projects database (ID 188)",https://www.eia.gov/petroleum/xls/EIA_LiqPipProject.xlsx,"Reversal of 1,300,000 b/d pipeline so that it flows south. Initial capacity in 2021 Q4 is 300,000 b/d.",Operated by Marathon since the reversal,Y
crude,Double H Pipeline,KINDER MORGAN,Double H Pipeline,,"Baker, MT / Bakken to Guernsey, WY",84000,Capacity,2015,Official (EIA),"EIA, Liquids pipeline projects database (ID 72)",https://www.eia.gov/petroleum/xls/EIA_LiqPipProject.xlsx,"Database field Added Capacity: 84,000 b/d (Double H Pipeline, completed 2015)",,Y
crude,Glacier Pipeline,PHILLIPS 66 PIPELINE,Glacier Pipeline,,"Cut Bank, MT to Billings, MT",124000,Capacity,2025,Company SEC filing,"Phillips 66, Form 10-K for 2025, pipeline table",https://www.sec.gov/Archives/edgar/data/1534701/000153470126000006/psx-20251231.htm,Glacier Montana 79 800 124,,Y
crude,Mid-Valley Pipeline,SUNOCO,Mid Valley Pipeline,,"Longview, TX to Samaria, MI",240000,Capacity (press-reported),,Press,Global Energy Monitor,https://www.gem.wiki/Mid-Valley_Oil_Pipeline,,Not confirmed from an operator or official document; drawn at the reported figure,Y
refined,Colonial Line 17 (Atlanta to Bainbridge),COLONIALPIPELINE CO,*,14,"Atlanta, GA to Bainbridge, GA",150000,Capacity,2016,Official (EIA study),"EIA, East Coast and Gulf Coast Transportation Fuels Markets (prepared by ICF), Feb 2016, Table 19",https://www.eia.gov/analysis/transportationfuels/padd1n3/pdf/transportation_fuels_padd1n3.pdf,"Line 17 Atlanta, GA Bainbridge, GA 150,000",,Y
refined,Central Florida Pipeline (16-inch),KINDER MORGAN,*,219,"Tampa, FL to Orlando, FL",115000,Capacity,2016,Official (EIA study),"EIA, East Coast and Gulf Coast Transportation Fuels Markets (prepared by ICF), Feb 2016, Table 23",https://www.eia.gov/analysis/transportationfuels/padd1n3/pdf/transportation_fuels_padd1n3.pdf,"Kinder Morgan Central Florida Pipeline Tampa, FL (16 - inch) Orlando, FL 110 115,000",The parallel 10-inch line (jet fuel) has no separate figure,Y
refined,Parkway Pipeline,KINDER MORGAN,*,291,"Norco, LA to Collins, MS",110000,Capacity,2016,Official (EIA study),"EIA, East Coast and Gulf Coast Transportation Fuels Markets (prepared by ICF), Feb 2016, Table 33",https://www.eia.gov/analysis/transportationfuels/padd1n3/pdf/transportation_fuels_padd1n3.pdf,"Parkway Pipeline Norco, LA Collins, MS 141 110,000",,Y
refined,Collins Pipeline,COLLINS PIPELINE CO,*,292,"Meraux, LA to Collins, MS",130000,Capacity,2016,Official (EIA study),"EIA, East Coast and Gulf Coast Transportation Fuels Markets (prepared by ICF), Feb 2016, Table 33",https://www.eia.gov/analysis/transportationfuels/padd1n3/pdf/transportation_fuels_padd1n3.pdf,"Collins Pipeline Meraux, LA Collins, MS 125 130,000",,Y
refined,Bengal Pipeline,SHELL MIDSTREAM PARTNERS,*,293,"Garyville and Norco, LA to Baton Rouge, LA",305000,Capacity,2016,Official (EIA study),"EIA, East Coast and Gulf Coast Transportation Fuels Markets (prepared by ICF), Feb 2016, Table 33",https://www.eia.gov/analysis/transportationfuels/padd1n3/pdf/transportation_fuels_padd1n3.pdf,"Bengal Pipeline Garyville and Norco, LA Baton Rouge, LA 158 305,000","Second Bengal route (Convent to Baton Rouge, 210,000 b/d) drawn thin",Y
refined,TEPPCO Mainline (Enterprise TE Products),ENTERPRISE PRODUCTS,*,44,"Beaumont, TX to Seymour, IN",330000,Capacity (EIA estimate),2017,Official (EIA study),"EIA, PADDs 2 and 4 Transportation Fuels Markets, Jan 2017, Table 20",https://www.eia.gov/analysis/transportationfuels/padd2n4/pdf/transportation_fuels.pdf,"TEPPCO Mainline (P-2) Beaumont, TX Seymour, IN 921 20 330,000 a [a Estimated]",EIA notes TEPPCO no longer ships distillates or jet fuel into the Midwest on this line,Y
refined,"Buckeye, Eagle Point to Macungie",BUCKEYE PARTNERS,*,254,"Eagle Point, NJ to Macungie, PA",204000,Capacity,2016,Official (EIA study),"EIA, East Coast and Gulf Coast Transportation Fuels Markets (prepared by ICF), Feb 2016, Table 17",https://www.eia.gov/analysis/transportationfuels/padd1n3/pdf/transportation_fuels_padd1n3.pdf,"Eastern System Eagle Point, PA Macungie and Sinking Spring, PA 204,000",,Y
refined,"Buckeye, Sinking Spring to Linden and Long Island",BUCKEYE PARTNERS,*,319,"Sinking Spring, PA via Macungie and Linden, NJ to New York",302000,Capacity (Linden to Macungie segment),2016,Official (EIA study),"EIA, East Coast and Gulf Coast Transportation Fuels Markets (prepared by ICF), Feb 2016, Table 17",https://www.eia.gov/analysis/transportationfuels/padd1n3/pdf/transportation_fuels_padd1n3.pdf,"Linden, NJ Macungie, PA 302,000","EIA draws this as one route; the figure is its Linden to Macungie segment. Long Island lines: 120,000 (airports) and 138,500 (Brooklyn, Inwood)",Y
refined,"Buckeye, Mantua to Coraopolis",BUCKEYE PARTNERS,*,320,"Mantua, OH to Coraopolis, PA",55200,Capacity,2016,Official (EIA study),"EIA, East Coast and Gulf Coast Transportation Fuels Markets (prepared by ICF), Feb 2016, Table 17",https://www.eia.gov/analysis/transportationfuels/padd1n3/pdf/transportation_fuels_padd1n3.pdf,"Midwest System Mantua, OH Coraopolis, PA 55,200",,Y
refined,"Buckeye, New Haven to Springfield",BUCKEYE PARTNERS,*,240,"New Haven, CT to Springfield, MA",62000,Capacity,2016,Official (EIA study),"EIA, East Coast and Gulf Coast Transportation Fuels Markets (prepared by ICF), Feb 2016, Table 12",https://www.eia.gov/analysis/transportationfuels/padd1n3/pdf/transportation_fuels_padd1n3.pdf,"Buckeye Partners New Haven, CT Springfield, MA 100 62,000",,Y
refined,"Buckeye, Portland to Bangor",BUCKEYE PARTNERS,*,290,"Portland, ME to Bangor, ME",19200,Capacity,2016,Official (EIA study),"EIA, East Coast and Gulf Coast Transportation Fuels Markets (prepared by ICF), Feb 2016, Table 12",https://www.eia.gov/analysis/transportationfuels/padd1n3/pdf/transportation_fuels_padd1n3.pdf,"Portland, ME Bangor, ME 124 19,200",,Y
refined,Buckeye Lower V system,BUCKEYE PARTNERS,*,242,"Dubuque, IA to Kansas City, MO",41000,Throughput (2015),2015,Official (EIA study),"EIA, PADDs 2 and 4 Transportation Fuels Markets, Jan 2017, Table 35",https://www.eia.gov/analysis/transportationfuels/padd2n4/pdf/transportation_fuels.pdf,"Buckeye Pipe Line Transportation (Lower V system) Dubuque, IA Kansas City, MO 650 12 41,000",2015 shipments of transportation fuels,Y
refined,Sunoco Harbor Pipeline,SUNOCO,*,226,"Woodbury, NJ to Linden, NJ",180000,Capacity,2016,Official (EIA study),"EIA, East Coast and Gulf Coast Transportation Fuels Markets (prepared by ICF), Feb 2016, Table 17",https://www.eia.gov/analysis/transportationfuels/padd1n3/pdf/transportation_fuels_padd1n3.pdf,"Harbor Woodbury, NJ Linden, NJ 180,000",,Y
refined,"Sunoco, Twin Oaks to Newark",SUNOCO,*,224,"Twin Oaks, PA to Newark, NJ",125000,Capacity,2016,Official (EIA study),"EIA, East Coast and Gulf Coast Transportation Fuels Markets (prepared by ICF), Feb 2016, Table 17",https://www.eia.gov/analysis/transportationfuels/padd1n3/pdf/transportation_fuels_padd1n3.pdf,"Twin Oaks, PA Newark, NJ 125,000",,Y
refined,"Sunoco, Philadelphia to Rochester and Buffalo",SUNOCO,*,221;222,"Reading, PA to Rochester and Buffalo, NY",64800,Capacity,2016,Official (EIA study),"EIA, East Coast and Gulf Coast Transportation Fuels Markets (prepared by ICF), Feb 2016, Table 17",https://www.eia.gov/analysis/transportationfuels/padd1n3/pdf/transportation_fuels_padd1n3.pdf,"Philadelphia, PA Rochester and Buffalo, NY 64,800",,Y
refined,"Sunoco, Montello to Kingston",SUNOCO,*,223,"Reading/Montello, PA to Kingston, PA",11000,Capacity,2016,Official (EIA study),"EIA, East Coast and Gulf Coast Transportation Fuels Markets (prepared by ICF), Feb 2016, Table 17",https://www.eia.gov/analysis/transportationfuels/padd1n3/pdf/transportation_fuels_padd1n3.pdf,"Montello, PA Kingston, PA 11,000",,Y
refined,Sunoco Allegheny Access,SUNOCO,*,231,"Toledo and Lima, OH to Delmont (Pittsburgh), PA",85000,Capacity,2016,Official (EIA study),"EIA, East Coast and Gulf Coast Transportation Fuels Markets (prepared by ICF), Feb 2016, Table 17",https://www.eia.gov/analysis/transportationfuels/padd1n3/pdf/transportation_fuels_padd1n3.pdf,"Allegheny Access Toledo and Lima, OH Delmont, PA 85,000",,Y
refined,"Marathon, Robinson to Louisville",MARATHON PIPE LINE,*,156,"Robinson, IL to Louisville, KY",92000,Capacity,2017,Official (EIA study),"EIA, PADDs 2 and 4 Transportation Fuels Markets, Jan 2017, Table 10",https://www.eia.gov/analysis/transportationfuels/padd2n4/pdf/transportation_fuels.pdf,"Robinson Products Robinson, IL Louisville, KY 129 16 92,000","Louisville to Lexington: 36,000",Y
refined,"Marathon, Robinson to Lima",MARATHON PIPE LINE,*,164,"Robinson, IL to Lima, OH",51000,Capacity,2017,Official (EIA study),"EIA, PADDs 2 and 4 Transportation Fuels Markets, Jan 2017, Table 10",https://www.eia.gov/analysis/transportationfuels/padd2n4/pdf/transportation_fuels.pdf,"Robinson, IL Lima, OH 250 10 51,000",The parallel EIA route on this corridor is drawn thin,Y
refined,"Marathon Wabash, Robinson to Champaign",MARATHON PIPE LINE,*,155,"Robinson, IL to Champaign, IL",99000,Capacity,2017,Official (EIA study),"EIA, PADDs 2 and 4 Transportation Fuels Markets, Jan 2017, Table 10",https://www.eia.gov/analysis/transportationfuels/padd2n4/pdf/transportation_fuels.pdf,"Wabash Robinson, IL Champaign, IL 86 12 99,000",,Y
refined,"Marathon Wabash, Wood River to Champaign and Chicago",MARATHON PIPE LINE,*,201,"Wood River, IL to Champaign, IL and Griffith/Hammond, IN",71000,Capacity (Wood River to Champaign),2017,Official (EIA study),"EIA, PADDs 2 and 4 Transportation Fuels Markets, Jan 2017, Table 10",https://www.eia.gov/analysis/transportationfuels/padd2n4/pdf/transportation_fuels.pdf,"Wood River, IL Champaign, IL 130 12 71,000","EIA draws this as one route; Champaign to Griffith/Hammond is 85,000",Y
refined,"Marathon, Wood River to Clermont",MARATHON PIPE LINE,*,329,"Wood River, IL to Clermont (Indianapolis), IN",48000,Capacity,2017,Official (EIA study),"EIA, PADDs 2 and 4 Transportation Fuels Markets, Jan 2017, Table 10",https://www.eia.gov/analysis/transportationfuels/padd2n4/pdf/transportation_fuels.pdf,"Wood River, IL Clermont, IN 317 10 48,000",,Y
refined,"Marathon, Robinson to Mt. Vernon",MARATHON PIPE LINE,*,158,"Robinson, IL to Mt. Vernon, IN",43000,Capacity,2017,Official (EIA study),"EIA, PADDs 2 and 4 Transportation Fuels Markets, Jan 2017, Table 10",https://www.eia.gov/analysis/transportationfuels/padd2n4/pdf/transportation_fuels.pdf,"Robinson, IL Mt. Vernon, IN 79 10 43,000",,Y
refined,"Marathon, Kenova to Columbus",MARATHON PIPE LINE,*,160,"Kenova, WV to Columbus, OH",68000,Capacity,2017,Official (EIA study),"EIA, PADDs 2 and 4 Transportation Fuels Markets, Jan 2017, Table 10",https://www.eia.gov/analysis/transportationfuels/padd2n4/pdf/transportation_fuels.pdf,"Ohio River Pipe Line (ORPL) Products Kenova, WV Columbus, OH 150 14 68,000",,Y
refined,"Marathon, East Sparta to Heath",MARATHON PIPE LINE,*,162,"East Sparta, OH to Heath, OH",29000,Capacity,2017,Official (EIA study),"EIA, PADDs 2 and 4 Transportation Fuels Markets, Jan 2017, Table 10",https://www.eia.gov/analysis/transportationfuels/padd2n4/pdf/transportation_fuels.pdf,"East Sparta, OH Heath, OH 81 8 29,000",,Y
refined,"Marathon, Heath to Dayton",MARATHON PIPE LINE,*,161,"Heath, OH to Dayton, OH",24000,Capacity,2017,Official (EIA study),"EIA, PADDs 2 and 4 Transportation Fuels Markets, Jan 2017, Table 10",https://www.eia.gov/analysis/transportationfuels/padd2n4/pdf/transportation_fuels.pdf,"Heath, OH Dayton, OH 108 6 24,000",,Y
refined,"Marathon, Heath to Findlay",MARATHON PIPE LINE,*,163,"Heath, OH to Findlay, OH",18000,Capacity,2017,Official (EIA study),"EIA, PADDs 2 and 4 Transportation Fuels Markets, Jan 2017, Table 10",https://www.eia.gov/analysis/transportationfuels/padd2n4/pdf/transportation_fuels.pdf,"Heath, OH Findlay, OH 100 10/8 18,000",,Y
refined,Magellan Chase Pipeline,MIDSTREAM PARTNERS,*,134;64,"El Dorado, KS to Aurora (Denver), CO",60000,Capacity,2017,Official (EIA study),"EIA, PADDs 2 and 4 Transportation Fuels Markets, Jan 2017, Table 42",https://www.eia.gov/analysis/transportationfuels/padd2n4/pdf/transportation_fuels.pdf,"Capacity on the segment from El Dorado to Aurora is 60,000 b/d.",,Y
refined,"Magellan, Houston to Odessa",MIDSTREAM PARTNERS,*,128;129,"Houston, TX to Odessa, TX",110000,Capacity,2016,Official (EIA study),"EIA, East Coast and Gulf Coast Transportation Fuels Markets (prepared by ICF), Feb 2016, Table 30",https://www.eia.gov/analysis/transportationfuels/padd1n3/pdf/transportation_fuels_padd1n3.pdf,"Houston, TX Odessa, TX Not avail. 110,000",,Y
refined,"Magellan, Odessa to El Paso",MIDSTREAM PARTNERS,*,131,"Odessa, TX to El Paso, TX",64000,Capacity,2016,Official (EIA study),"EIA, East Coast and Gulf Coast Transportation Fuels Markets (prepared by ICF), Feb 2016, Table 30",https://www.eia.gov/analysis/transportationfuels/padd1n3/pdf/transportation_fuels_padd1n3.pdf,"Odessa, TX El Paso, TX Not avail. 64,000",The parallel EIA route on this corridor is drawn thin,Y
refined,El Paso to Albuquerque line,PLAINS ALL AMERICAN PIPELINE,*,213,"El Paso, TX to Albuquerque, NM",28200,Capacity,2016,Official (EIA study),"EIA, East Coast and Gulf Coast Transportation Fuels Markets (prepared by ICF), Feb 2016, Tables 30 and 41",https://www.eia.gov/analysis/transportationfuels/padd1n3/pdf/transportation_fuels_padd1n3.pdf,"El Paso, TX Albuquerque, NM 257 28,200",EIA lists this line under Magellan; the EIA route layer labels it Plains,Y
refined,NuStar McKee to Denver,NUSTAR ENERGY,*,144,"McKee refinery (Sunray, TX) to Denver, CO",32500,Capacity,2017,Official (EIA study),"EIA, PADDs 2 and 4 Transportation Fuels Markets, Jan 2017, Table 43",https://www.eia.gov/analysis/transportationfuels/padd2n4/pdf/transportation_fuels.pdf,"McKee-Denver McKee refinery (Sunray, TX) Denver, CO 357 10 32,500",,Y
refined,NuStar Amarillo to Albuquerque,NUSTAR ENERGY,*,135,"Amarillo, TX to Albuquerque, NM",17200,Capacity,2016,Official (EIA study),"EIA, East Coast and Gulf Coast Transportation Fuels Markets (prepared by ICF), Feb 2016, Table 41",https://www.eia.gov/analysis/transportationfuels/padd1n3/pdf/transportation_fuels_padd1n3.pdf,"NuStar Central West Pipeline Amarillo, TX Albuquerque, NM 293 17,200",,Y
refined,NuStar North Pipeline,NUSTAR ENERGY,*,153,"Mandan, ND to Roseville (Twin Cities), MN",47000,"Throughput (2015, from Mandan)",2015,Official (EIA study),"EIA, PADDs 2 and 4 Transportation Fuels Markets, Jan 2017, Table 25",https://www.eia.gov/analysis/transportationfuels/padd2n4/pdf/transportation_fuels.pdf,"North Pipeline Mainline Mandan, ND Roseville, MN 440 10/8 47,000",2015 shipments originating at the Mandan refinery,Y
refined,NuStar Valley Pipeline,NUSTAR ENERGY,*,328,"Corpus Christi, TX to Rio Grande Valley",90000,Capacity,2019,Official (EIA),"EIA, Liquids pipeline projects database (ID 214)",https://www.eia.gov/petroleum/xls/EIA_LiqPipProject.xlsx,"Increased Valley Pipeline by 45,000 to 90,000 b/d.",,Y
refined,"Holly, Big Spring to Wichita Falls",HOLLY ENERGY PARTNERS,*,269,"Big Spring, TX to Wichita Falls, TX and Duncan, OK",23000,Capacity,2016,Official (EIA study),"EIA, East Coast and Gulf Coast Transportation Fuels Markets (prepared by ICF), Feb 2016, Table 30",https://www.eia.gov/analysis/transportationfuels/padd1n3/pdf/transportation_fuels_padd1n3.pdf,"Big Spring, TX Wichita Falls, TX 227 23,000","Wichita Falls to Duncan: 21,000",Y
refined,Sinclair Medicine Bow Pipeline,SINCLAIR TRANSPORTATION,*,265,"Sinclair, WY to Denver, CO",27600,Capacity,2017,Official (EIA study),"EIA, PADDs 2 and 4 Transportation Fuels Markets, Jan 2017, Table 44",https://www.eia.gov/analysis/transportationfuels/padd2n4/pdf/transportation_fuels.pdf,"Sinclair, WY Denver, CO 204 6/10 27,600",,Y
refined,"Sinclair, Casper to Sinclair",SINCLAIR TRANSPORTATION,*,283,"Casper, WY to Sinclair, WY",21600,Capacity,2017,Official (EIA study),"EIA, PADDs 2 and 4 Transportation Fuels Markets, Jan 2017, Table 44",https://www.eia.gov/analysis/transportationfuels/padd2n4/pdf/transportation_fuels.pdf,"Sinclair Transportation Casper, WY Sinclair, WY N/A 8/12 21,600",Bidirectional,Y
refined,"Sinclair, Olathe to Carrollton and Iowa",SINCLAIR TRANSPORTATION,*,288,"Olathe, KS to Carrollton, MO and Montrose, IA",15600,Throughput (Dec 2013),2013,Official (EIA study),"EIA, PADDs 2 and 4 Transportation Fuels Markets, Jan 2017, Table 37",https://www.eia.gov/analysis/transportationfuels/padd2n4/pdf/transportation_fuels.pdf,"Sinclair Transportation Olathe, KS Carrollton, MO N/A 8 15,600 c [c Average volumes transported as of December 2013]",,Y
refined,Cenex Pipeline (CHS),CHS ENERGY,*,166,"Laurel, MT to Fargo, ND",46000,Throughput (2015),2015,Official (EIA study),"EIA, PADDs 2 and 4 Transportation Fuels Markets, Jan 2017, Table 44",https://www.eia.gov/analysis/transportationfuels/padd2n4/pdf/transportation_fuels.pdf,"Cenex Pipeline Laurel, MT Fargo, ND 683 8/10 N/A 46,000",Capacity not published; 2015 shipments,Y
refined,CHS McPherson to Council Bluffs,CHS ENERGY,*,287,"McPherson, KS to Council Bluffs, IA",43000,Throughput (2015),2015,Official (EIA study),"EIA, PADDs 2 and 4 Transportation Fuels Markets, Jan 2017, Table 37",https://www.eia.gov/analysis/transportationfuels/padd2n4/pdf/transportation_fuels.pdf,"CHS Council Bluffs Pipeline McPherson, KS Council Bluffs, IA 227 N/A 43,000 b [b Average volumes transported in 2015]",,Y
refined,Koch Wisconsin Pipeline,KOCH PIPELINE,*,266,"Rosemount (Twin Cities), MN to Waupun and Milwaukee, WI",80000,"Throughput (EIA estimate, 2015)",2015,Official (EIA study),"EIA, PADDs 2 and 4 Transportation Fuels Markets, Jan 2017, Table 27",https://www.eia.gov/analysis/transportationfuels/padd2n4/pdf/transportation_fuels.pdf,"Koch Pipeline Co. Rosemount, MN Waupun, WI 261 12/10 80,000 d [d Estimated as one-third of prime supplier sales volumes of gasoline and distillates in Wisconsin]",,Y
refined,West Shore Pipe Line,WEST SHORE PIPELINE CO,*,168,"Chicago area to Milwaukee and Green Bay, WI",326000,"Throughput (2015, West Shore and Badger combined)",2015,Official (EIA study),"EIA, PADDs 2 and 4 Transportation Fuels Markets, Jan 2017, Table 12",https://www.eia.gov/analysis/transportationfuels/padd2n4/pdf/transportation_fuels.pdf,"West Shore Romeo, IL Busse Station, IL 36 16 326,000",Shipments for the West Shore and Badger systems together; the segment north of Milwaukee was shut in 2016 for rebuilding,Y
refined,"BP, Wood River to Milan",BP PIPELINES (NORTH AMERICA),*,262,"Wood River, IL to Milan, MO",17000,Throughput (2015),2015,Official (EIA study),"EIA, PADDs 2 and 4 Transportation Fuels Markets, Jan 2017, Table 35",https://www.eia.gov/analysis/transportationfuels/padd2n4/pdf/transportation_fuels.pdf,"Wood River, IL Milan, MO N/A N/A 17,000",,Y
refined,Colonial Lines 19 and 20 (Atlanta to Nashville),COLONIALPIPELINE CO,*,13,"Atlanta, GA via Chattanooga to Nashville, TN",250000,"Throughput (2015, EIA range 250,000 to 300,000)",2015,Official (EIA study),"EIA, PADDs 2 and 4 Transportation Fuels Markets, Jan 2017, Table 18",https://www.eia.gov/analysis/transportationfuels/padd2n4/pdf/transportation_fuels.pdf,"Colonial Pipeline Line 19 Atlanta, GA Chattanooga Jct./Nashville, TN 10/12 250,000 - 300,000",Drawn at the low end of EIA's range,Y
refined,Seminoe Pipeline,PHILLIPS 66 PIPELINE,*,195,"Billings, MT to Casper and Sinclair, WY",50000,Capacity,2025,Company SEC filing,"Phillips 66, Form 10-K for 2025, pipeline table",https://www.sec.gov/Archives/edgar/data/1534701/000153470126000006/psx-20251231.htm,Seminoe Montana/Wyoming 100 342 50,"The EIA route layer spells it ""Seminole""",Y
refined,"NuStar, McKee to Southlake (Dallas–Fort Worth)",NUSTAR ENERGY,*,139,"McKee refinery (Sunray, TX) to Southlake, TX",26000,Capacity,2016,Official (EIA study),"EIA, East Coast and Gulf Coast Transportation Fuels Markets (prepared by ICF), Feb 2016, Table 30",https://www.eia.gov/analysis/transportationfuels/padd1n3/pdf/transportation_fuels_padd1n3.pdf,"McKee, TX Southlake, TX 375 26,000",,Y
refined,"NuStar, McKee to El Paso",NUSTAR ENERGY,*,137,"McKee refinery (Sunray, TX) to El Paso, TX",42000,Capacity,2016,Official (EIA study),"EIA, East Coast and Gulf Coast Transportation Fuels Markets (prepared by ICF), Feb 2016, Table 30",https://www.eia.gov/analysis/transportationfuels/padd1n3/pdf/transportation_fuels_padd1n3.pdf,"McKee, TX El Paso, TX 408 42,000",,Y
refined,"NuStar, Three Rivers to San Antonio",NUSTAR ENERGY,*,142,"Three Rivers, TX to San Antonio, TX",33500,Capacity,2016,Official (EIA study),"EIA, East Coast and Gulf Coast Transportation Fuels Markets (prepared by ICF), Feb 2016, Table 26",https://www.eia.gov/analysis/transportationfuels/padd1n3/pdf/transportation_fuels_padd1n3.pdf,"Three Rivers, TX San Antonio, TX 85 33,500",,Y
crude,"Keystone Pipeline, Steele City to Patoka",TRANSCANADA,*,48,"Steele City, NE to Patoka, IL",435000,Capacity,2010,Official (EIA),"EIA, Liquids pipeline projects database (ID 2)",https://www.eia.gov/petroleum/xls/EIA_LiqPipProject.xlsx,"Goes from Hardisty in Alberta, Canada, down through Steele City, Nebraska, and to Patoka, Illinois. [Added capacity 435,000 b/d]",,Y
crude,"Keystone Pipeline, Steele City to Cushing",TRANSCANADA,*,47,"Steele City, NE to Cushing, OK",156000,Capacity,2011,Official (EIA),"EIA, Liquids pipeline projects database (ID 3)",https://www.eia.gov/petroleum/xls/EIA_LiqPipProject.xlsx,"Extended existing pipeline from Steele City, Nebraska, to Cushing, Oklahoma, and brought capacity of the entire system up to 591,000 b/d. [Added capacity 156,000 b/d]",,Y
crude,Zydeco Pipeline (Houston to Houma),SHELL PIPELINE COMPANY,*,41,"Houston, TX via Port Neches, TX to Houma, LA",375000,Capacity (Port Neches to Houma segment),2016,Official (EIA),"EIA, Liquids pipeline projects database (IDs 36 and 114)",https://www.eia.gov/petroleum/xls/EIA_LiqPipProject.xlsx,"Increased capacity of Port Neches, Texas, to Houma, Louisiana, segment from 360,000 b/d to 375,000 b/d.","Houston to Port Neches segment: 250,000 b/d (ID 36)",Y
crude,Permian Express 2,PERMIAN EXPRESS PARTNERS,*,62,"Colorado City, TX to Corsicana, TX",230000,Capacity,2015,Official (EIA),"EIA, Liquids pipeline projects database (ID 84)",https://www.eia.gov/petroleum/xls/EIA_LiqPipProject.xlsx,"Garden City, Texas, to Colorado City, Texas, segment has 20-inch diameter pipeline, Colorado City to Corsicana, Texas, has 24-inch diameter pipeline. [Added capacity 230,000 b/d]",,Y
crude,"Marathon, Patoka to Catlettsburg",MARATHON,*,86,"Patoka, IL via Owensboro, KY to Catlettsburg, KY",270000,Capacity,2012,Official (EIA),"EIA, Liquids pipeline projects database (ID 22)",https://www.eia.gov/petroleum/xls/EIA_LiqPipProject.xlsx,"Capacity increased from 256,000 b/d to 270,000 b/d.",,Y
crude,"Marathon, Patoka to Lima and Canton",MARATHON,*,85,"Patoka, IL to Lima and Canton, OH",267000,Capacity (Patoka to Lima),2016,Official (EIA),"EIA, Liquids pipeline projects database (ID 111)",https://www.eia.gov/petroleum/xls/EIA_LiqPipProject.xlsx,"Capacity increased from 249,000 b/d to 267,000 b/d.",EIA route continues past Lima to Canton,Y
crude,Red River Pipeline,PLAINS ALL AMERICAN PIPELINE,*,137,"Cushing, OK to Longview, TX",235000,Capacity,2025,Company SEC filing,"Plains All American, Form 10-K for 2025",https://www.sec.gov/Archives/edgar/data/1070423/000107042326000014/paa-20251231.htm,"The Red River Pipeline is an approximately 235,000 barrel per day capacity pipeline that extends from our Cushing Terminal in Oklahoma to Longview, Texas","EIA route layer label: ""CK Red River""",Y
crude,Phillips 66 Oklahoma Crude system,PHILLIPS 66 PIPELINE,*,91,"Wichita Falls, TX to Ponca City, OK",100000,Capacity,2025,Company SEC filing,"Phillips 66, Form 10-K for 2025, pipeline table",https://www.sec.gov/Archives/edgar/data/1534701/000153470126000006/psx-20251231.htm,Oklahoma Crude Texas/Oklahoma 100 217 100,Matched to the EIA route by operator and endpoints,Y
crude,Phillips 66 West Texas Crude system,PHILLIPS 66 PIPELINE,*,93,"Odessa, TX to Borger, TX",140000,Capacity,2025,Company SEC filing,"Phillips 66, Form 10-K for 2025, pipeline table",https://www.sec.gov/Archives/edgar/data/1534701/000153470126000006/psx-20251231.htm,"West Texas Crude Texas 100 1,079 140",Matched to the EIA route by operator and endpoints,Y
crude,Phillips 66 California Line 200,PHILLIPS 66 PIPELINE,*,73,"San Joaquin Valley to Rodeo (San Francisco Bay), CA",100000,Capacity,2025,Company SEC filing,"Phillips 66, Form 10-K for 2025, pipeline table",https://www.sec.gov/Archives/edgar/data/1534701/000153470126000006/psx-20251231.htm,Line 200 California 100 228 100,Matched to the EIA route by operator and endpoints,Y
crude,Trans Mountain Pipeline,KINDER MORGAN,*,106,"Edmonton, AB to Burnaby (Vancouver), BC",890000,Capacity,2024,Official (Canada Energy Regulator),"Canada Energy Regulator, Market Snapshot (2025): Trans Mountain Expansion eases pipeline constraints",https://www.cer-rec.gc.ca/en/data-analysis/energy-markets/market-snapshots/2025/market-snapshot-trans-mountain-expansion-eases-pipeline-constraints-and-increases-exports-to-overseas-markets.html,"The Trans Mountain Expansion Project came online in May 2024, nearly tripling the capacity of the Trans Mountain System to a total of 890 thousand barrels per day.","Now owned by Trans Mountain Corporation (Canadian government); the EIA layer still lists Kinder Morgan. Also listed in EIA's product layer, where it is left off to avoid drawing it twice",Y
