month,brent_usd_bbl,gulf_ulsd_usd_gal,gulf_gasoline_usd_gal,diesel_margin_usd_bbl,gasoline_margin_usd_bbl
2006-06,68.56,2.108,2.123,19.98,20.61
2006-07,73.67,2.231,2.27,20.03,21.67
2006-08,73.23,2.233,2.001,20.56,10.81
2006-09,61.96,1.789,1.56,13.18,3.56
2006-10,57.81,1.784,1.51,17.12,5.61
2006-11,58.76,1.797,1.563,16.71,6.89
2006-12,62.47,1.791,1.597,12.75,4.6
2007-01,53.68,1.639,1.41,15.16,5.54
2007-02,57.56,1.777,1.612,17.07,10.14
2007-03,62.05,1.97,1.85,20.69,15.65
2007-04,67.49,2.092,2.162,20.37,23.31
2007-05,67.21,2.045,2.305,18.68,29.6
2007-06,71.05,2.093,2.155,16.86,19.46
2007-07,76.93,2.144,2.128,13.12,12.45
2007-08,70.76,2.116,1.966,18.11,11.81
2007-09,77.17,2.294,2.111,19.18,11.49
2007-10,82.34,2.361,2.121,16.82,6.74
2007-11,92.41,2.657,2.359,19.18,6.67
2007-12,90.93,2.561,2.275,16.63,4.62
2008-01,92.18,2.551,2.315,14.96,5.05
2008-02,94.99,2.749,2.408,20.47,6.15
2008-03,103.64,3.153,2.562,28.79,3.96
2008-04,109.07,3.347,2.796,31.5,8.36
2008-05,122.8,3.733,3.107,33.99,7.69
2008-06,132.32,3.851,3.284,29.42,5.61
2008-07,132.72,3.816,3.158,27.55,-0.08
2008-08,113.24,3.241,2.937,22.88,10.11
2008-09,97.23,3.076,3.138,31.96,34.57
2008-10,71.58,2.312,1.786,25.52,3.43
2008-11,52.45,1.843,1.204,24.96,-1.88
2008-12,39.95,1.372,0.93,17.67,-0.89
2009-01,43.44,1.426,1.148,16.45,4.78
2009-02,43.32,1.258,1.195,9.52,6.87
2009-03,46.54,1.292,1.288,7.72,7.56
2009-04,50.18,1.396,1.349,8.45,6.48
2009-05,57.3,1.489,1.657,5.24,12.29
2009-06,68.61,1.802,1.889,7.07,10.73
2009-07,64.44,1.695,1.705,6.75,7.17
2009-08,72.51,1.9,1.888,7.29,6.79
2009-09,67.65,1.773,1.735,6.82,5.22
2009-10,72.77,1.941,1.885,8.75,6.4
2009-11,76.66,1.98,1.926,6.5,4.23
2009-12,74.46,1.959,1.887,7.82,4.79
2010-01,76.17,2.035,2.014,9.3,8.42
2010-02,73.75,1.998,1.966,10.17,8.82
2010-03,78.83,2.125,2.137,10.42,10.92
2010-04,84.82,2.267,2.191,10.39,7.2
2010-05,75.95,2.093,1.989,11.96,7.59
2010-06,74.76,2.066,1.969,12.01,7.94
2010-07,75.58,2.042,1.973,10.18,7.29
2010-08,77.04,2.093,1.928,10.87,3.94
2010-09,77.84,2.13,1.95,11.62,4.06
2010-10,82.67,2.252,2.071,11.91,4.31
2010-11,85.28,2.324,2.115,12.33,3.55
2010-12,91.45,2.446,2.31,11.28,5.57
2011-01,96.52,2.601,2.39,12.72,3.86
2011-02,103.72,2.793,2.511,13.59,1.74
2011-04,123.26,3.231,3.136,12.44,8.45
2011-06,113.83,3.015,2.789,12.8,3.31
2011-07,116.97,3.117,2.975,13.94,7.98
2011-08,110.22,2.974,2.801,14.69,7.42
2011-09,112.83,2.937,2.692,10.52,0.23
2011-10,109.55,2.96,2.689,14.77,3.39
2011-12,107.87,2.878,2.544,13.01,-1.02
2012-01,110.69,3.034,2.777,16.74,5.94
2012-02,119.33,3.178,2.999,14.15,6.63
2012-03,125.45,3.27,3.169,11.89,7.65
2012-04,119.75,3.217,3.101,15.36,10.49
2012-05,110.34,2.947,2.78,13.43,6.42
2012-06,95.16,2.667,2.516,16.85,10.51
2012-07,102.62,2.879,2.645,18.3,8.47
2012-08,113.36,3.143,2.968,18.65,11.3
2012-09,112.86,3.186,3.034,20.95,14.57
2012-10,111.71,3.157,2.778,20.88,4.97
2012-11,109.06,2.997,2.522,16.81,-3.14
2013-01,112.96,3.044,2.669,14.89,-0.86
2013-02,116.05,3.2,2.922,18.35,6.67
2013-03,108.47,3.007,2.901,17.82,13.37
2013-04,102.25,2.879,2.685,18.67,10.52
2013-05,102.56,2.843,2.708,16.85,11.18
2013-06,102.92,2.861,2.688,17.24,9.98
2013-07,107.93,2.981,2.853,17.27,11.9
2013-08,111.28,3.04,2.861,16.4,8.88
2013-09,111.6,3.014,2.604,14.99,-2.23
2013-10,109.08,2.935,2.49,14.19,-4.5
2013-11,107.79,2.857,2.451,12.2,-4.85
2013-12,110.76,2.953,2.52,13.27,-4.92
2014-02,108.9,2.973,2.695,15.97,4.29
2014-03,107.48,2.917,2.714,15.03,6.51
2014-04,107.76,2.932,2.801,15.38,9.88
2014-05,109.54,2.904,2.762,12.43,6.46
2014-06,111.8,2.921,2.849,10.88,7.86
2014-07,106.77,2.842,2.713,12.59,7.18
2014-08,101.61,2.821,2.631,16.87,8.89
2014-09,97.09,2.709,2.605,16.69,12.32
2014-10,87.43,2.5,2.179,17.57,4.09
2014-11,79.44,2.314,1.937,17.75,1.91
2014-12,62.34,1.784,1.423,12.59,-2.57
2015-01,47.76,1.531,1.271,16.54,5.62
2015-02,58.1,1.824,1.603,18.51,9.23
2015-03,55.89,1.711,1.678,15.97,14.59
2015-04,59.52,1.776,1.734,15.07,13.31
2015-05,64.08,1.917,1.884,16.43,15.05
2015-06,61.48,1.802,1.945,14.2,20.21
2015-07,56.56,1.624,1.86,11.65,21.56
2015-08,46.52,1.463,1.574,14.93,19.59
2015-09,47.62,1.444,1.353,13.03,9.21
2015-10,48.43,1.418,1.307,11.13,6.46
2015-11,44.27,1.351,1.246,12.47,8.06
2015-12,38.01,1.089,1.181,7.73,11.59
2016-01,30.7,0.958,1.021,9.54,12.18
2016-02,32.18,0.999,0.936,9.78,7.13
2016-03,38.21,1.127,1.214,9.12,12.78
2016-04,41.58,1.199,1.337,8.78,14.57
2016-05,46.74,1.378,1.434,11.14,13.49
2016-06,48.25,1.46,1.487,13.07,14.2
2016-07,44.95,1.343,1.358,11.46,12.09
2016-08,45.84,1.379,1.429,12.08,14.18
2016-09,46.57,1.4,1.393,12.23,11.94
2016-10,49.52,1.544,1.489,15.33,13.02
2016-11,44.73,1.427,1.317,15.2,10.58
2016-12,53.31,1.596,1.566,13.72,12.46
2017-01,54.58,1.593,1.593,12.33,12.33
2017-02,54.87,1.608,1.543,12.67,9.94
2017-03,51.59,1.502,1.523,11.49,12.38
2017-04,52.31,1.558,1.621,13.13,15.77
2017-05,50.33,1.482,1.519,11.91,13.47
2017-06,46.37,1.386,1.432,11.84,13.77
2017-07,48.48,1.486,1.518,13.93,15.28
2017-08,51.7,1.601,1.638,15.54,17.1
2017-09,56.15,1.777,1.753,18.48,17.48
2017-10,57.51,1.756,1.652,16.24,11.87
2017-11,62.71,1.851,1.757,15.03,11.08
2017-12,64.37,1.867,1.702,14.04,7.11
2018-01,69.08,1.996,1.857,14.75,8.91
2018-02,65.32,1.895,1.765,14.27,8.81
2018-03,66.02,1.895,1.82,13.57,10.42
2018-04,72.11,2.029,1.965,13.11,10.42
2018-05,76.98,2.181,2.091,14.62,10.84
2018-06,74.41,2.102,2.002,13.87,9.67
2018-07,74.25,2.098,2.043,13.87,11.56
2018-08,72.53,2.114,2.053,16.26,13.7
2018-09,78.89,2.21,2.045,13.93,7.0
2018-10,81.03,2.282,1.969,14.81,1.67
2018-11,64.75,1.962,1.546,17.65,0.18
2018-12,57.36,1.687,1.357,13.49,-0.37
2019-01,59.41,1.774,1.353,15.1,-2.58
2019-02,63.96,1.908,1.47,16.18,-2.22
2019-03,66.14,1.939,1.817,15.3,10.17
2019-04,71.23,2.012,2.006,13.27,13.02
2019-05,71.32,1.983,1.881,11.97,7.68
2019-06,64.22,1.807,1.722,11.67,8.1
2019-07,63.92,1.873,1.854,14.75,13.95
2019-08,59.04,1.788,1.69,16.06,11.94
2019-09,62.83,1.895,1.681,16.76,7.77
2019-10,59.71,1.876,1.646,19.08,9.42
2019-11,63.21,1.838,1.636,13.99,5.5
2019-12,67.31,1.899,1.63,12.45,1.15
2020-01,63.65,1.77,1.587,10.69,3.0
2020-02,55.66,1.552,1.453,9.52,5.37
2020-03,32.01,1.124,0.838,15.2,3.19
2020-04,18.38,0.804,0.546,15.39,4.55
2020-05,29.38,0.838,0.83,5.82,5.48
2020-06,40.27,1.083,1.095,5.22,5.72
2020-07,43.24,1.19,1.166,6.74,5.73
2020-08,44.74,1.196,1.244,5.49,7.51
2020-09,40.91,1.082,1.176,4.53,8.48
2020-10,40.19,1.107,1.143,6.3,7.82
2020-11,42.69,1.211,1.128,8.17,4.69
2020-12,49.99,1.403,1.298,8.94,4.53
2021-01,54.77,1.523,1.5,9.2,8.23
2021-02,62.28,1.744,1.686,10.97,8.53
2021-03,65.41,1.824,1.945,11.2,16.28
2021-04,64.81,1.813,1.958,11.34,17.43
2021-05,68.53,1.971,2.038,14.25,17.07
2021-06,73.16,2.068,2.118,13.7,15.8
2021-07,75.17,2.071,2.205,11.81,17.44
2021-08,70.75,2.015,2.215,13.88,22.28
2021-09,74.49,2.152,2.199,15.89,17.87
2021-10,83.54,2.455,2.425,19.57,18.31
2021-11,81.05,2.324,2.28,16.56,14.71
2021-12,74.17,2.195,2.129,18.02,15.25
2022-01,86.51,2.55,2.4,20.59,14.29
2022-02,97.13,2.81,2.648,20.89,14.09
2022-03,117.25,3.676,3.197,37.14,17.02
2022-04,104.58,3.953,3.18,61.45,28.98
2022-05,113.34,3.934,3.75,51.89,44.16
2022-06,122.71,4.286,4.049,57.3,47.35
2022-07,111.93,3.629,3.283,40.49,25.96
2022-08,100.45,3.535,2.793,48.02,16.86
2022-09,89.76,3.357,2.578,51.23,18.52
2022-10,93.33,3.963,2.837,73.12,25.82
2022-11,91.42,3.344,2.456,49.03,11.73
2022-12,80.92,2.975,2.157,44.03,9.67
2023-01,82.5,3.207,2.534,52.19,23.93
2023-02,82.59,2.771,2.416,33.79,18.88
2023-03,78.43,2.69,2.536,34.55,28.08
2023-04,84.64,2.518,2.616,21.12,25.23
2023-05,75.47,2.302,2.447,21.21,27.3
2023-06,74.84,2.351,2.427,23.9,27.09
2023-07,80.11,2.597,2.674,28.96,32.2
2023-08,86.15,3.05,2.902,41.95,35.73
2023-09,93.72,3.265,2.824,43.41,24.89
2023-10,90.6,3.009,2.305,35.78,6.21
2023-11,82.94,2.662,2.094,28.86,5.01
2023-12,77.63,2.385,2.019,22.54,7.17
2024-01,80.12,2.569,2.146,27.78,10.01
2024-02,83.48,2.707,2.325,30.21,14.17
2024-03,85.41,2.598,2.545,23.71,21.48
2024-04,89.94,2.562,2.595,17.66,19.05
2024-05,81.75,2.372,2.385,17.87,18.42
2024-06,82.25,2.385,2.275,17.92,13.3
2024-07,85.15,2.415,2.373,16.28,14.52
2024-08,80.36,2.237,2.301,13.59,16.28
2024-09,74.02,2.072,1.981,13.0,9.18
2024-10,75.63,2.165,2.023,15.3,9.34
2024-11,74.35,2.156,1.95,16.2,7.55
2024-12,73.86,2.141,1.936,16.06,7.45
2025-01,79.27,2.401,2.083,21.57,8.22
2025-02,75.44,2.359,2.074,23.64,11.67
2025-03,72.73,2.177,2.052,18.7,13.45
2025-04,68.13,2.069,1.996,18.77,15.7
2025-05,64.45,2.015,2.03,20.18,20.81
2025-06,71.44,2.209,2.074,21.34,15.67
2025-07,71.04,2.359,2.103,28.04,17.29
2025-08,67.87,2.2,2.09,24.53,19.91
2025-09,67.99,2.275,2.091,27.56,19.83
2025-10,64.54,2.209,1.926,28.24,16.35
2025-11,63.8,2.366,1.941,35.57,17.72
2025-12,62.54,2.072,1.759,24.48,11.34
2026-01,66.6,2.111,2.05,22.06,19.5
2026-02,70.89,2.302,1.974,25.79,12.02
2026-03,103.13,3.832,2.869,57.81,17.37
2026-04,117.29,3.915,3.24,47.14,18.79
2026-05,107.14,3.862,3.491,55.06,39.48
2026-06,85.4,3.357,3.012,55.59,41.1
2026-07,83.76,3.873,3.277,78.91,53.87
2026-08,91.08,4.208,3.323,85.66,48.49
