port,port_name,district,district_name,share_of_district_hs271019_value,barrels_per_day_est
5301,"HOUSTON, TX",53,"HOUSTON-GALVESTON, TX",0.6538,230323
2002,"NEW ORLEANS, LA",20,"NEW ORLEANS, LA",0.3665,141718
2017,"LAKE CHARLES, LA",20,"NEW ORLEANS, LA",0.2654,102631
2104,"BEAUMONT, TX",21,"PORT ARTHUR, TX",0.5037,90010
2101,"PORT ARTHUR, TX",21,"PORT ARTHUR, TX",0.4963,88673
2010,"GRAMERCY, LA",20,"NEW ORLEANS, LA",0.2169,83868
5312,"CORPUS CHRISTI, TX",53,"HOUSTON-GALVESTON, TX",0.1665,58650
5306,"TEXAS CITY, TX",53,"HOUSTON-GALVESTON, TX",0.1659,58445
2004,"BATON ROUGE, LA",20,"NEW ORLEANS, LA",0.151,58382
3005,"BELLINGHAM, WA",30,"SEATTLE, WA",0.6684,34729
1903,"PASCAGOULA, MS",19,"MOBILE, AL",0.8775,33788
2304,"LAREDO, TX",23,"LAREDO, TX",0.3847,22427
2301,"BROWNSVILLE, TX",23,"LAREDO, TX",0.3546,20671
1003,"NEWARK, NJ",10,"NEW YORK CITY, NY",0.7096,19605
5104,"CHRISTIANSTED, VI",51,U.S. VIRGIN ISLANDS,1.0,16679
2709,"LONG BEACH, CA",27,"LOS ANGELES, CA",0.6952,16385
2402,"EL PASO, TX",24,"EL PASO, TX",0.7002,15825
2812,"RICHMOND, CA",28,"SAN FRANCISCO, CA",0.7806,13940
3004,"BLAINE, WA",30,"SEATTLE, WA",0.1641,8527
2305,"HILDAGO, TX",23,"LAREDO, TX",0.126,7346
2704,"LOS ANGELES, CA",27,"LOS ANGELES, CA",0.3028,7137
3010,"ANACORTES, WA",30,"SEATTLE, WA",0.1343,6977
2303,"EAGLE PASS, TX",23,"LAREDO, TX",0.1191,6945
2401,"YSLETA, TX",24,"EL PASO, TX",0.2951,6669
2604,"NOGALES, AZ",26,"NOGALES, AZ",0.977,5151
5310,"GALVESTON, TX",53,"HOUSTON-GALVESTON, TX",0.0131,4628
1001,"NEW YORK, NY",10,"NEW YORK CITY, NY",0.1572,4342
1901,"MOBILE, AL",19,"MOBILE, AL",0.1077,4147
1004,"PERTH AMBOY, NJ",10,"NEW YORK CITY, NY",0.1174,3245
2809,"SAN FRANCISCO, CA",28,"SAN FRANCISCO, CA",0.1049,1873
2503,"CALEXICO, CA",25,"SAN DIEGO, CA",0.5143,1257
1101,"PHILADELPHIA, PA",11,"PHILADELPHIA, PA",0.3332,1235
1102,"CHESTER, PA",11,"PHILADELPHIA, PA",0.3274,1213
2815,"CROCKETT, CA",28,"SAN FRANCISCO, CA",0.0646,1154
1103,"WILMINGTON, DE",11,"PHILADELPHIA, PA",0.269,997
2307,"RIO GRANDE CITY, TX",23,"LAREDO, TX",0.0151,881
2507,"CALEXICO-EAST, CA",25,"SAN DIEGO, CA",0.3575,874
2820,"MARTINEZ, CA",28,"SAN FRANCISCO, CA",0.0452,808
3103,"SKAGWAY, AK",31,"ANCHORAGE, AK",0.6561,697
3001,"SEATTLE, WA",30,"SEATTLE, WA",0.0117,606
0901,"BUFFALO-NIAGARA FALLS, NY",09,"BUFFALO, NY",0.9998,577
1902,"GULFPORT, MS",19,"MOBILE, AL",0.0148,569
3023,"LYNDEN, WA",30,"SEATTLE, WA",0.0104,538
