district,district_name,origin_country,barrels_per_day
04,"BOSTON, MA",CANADA,47425
01,"PORTLAND, ME",CANADA,38211
49,"SAN JUAN, PR",COLOMBIA,12102
33,"GREAT FALLS, MT",CANADA,11322
05,"PROVIDENCE, RI",CANADA,8072
49,"SAN JUAN, PR",CANADA,7594
31,"ANCHORAGE, AK",CANADA,7513
10,"NEW YORK CITY, NY",CANADA,5010
02,"ST. ALBANS, VT",CANADA,5005
34,"PEMBINA, ND",CANADA,4125
09,"BUFFALO, NY",CANADA,3486
07,"OGDENSBURG, NY",CANADA,2641
32,"HONOLULU, HI","KOREA, SOUTH",2142
30,"SEATTLE, WA",CANADA,2022
38,"DETROIT, MI",CANADA,1554
37,"MILWAUKEE, WI",CANADA,1311
18,"TAMPA, FL",COLOMBIA,952
29,"COLUMBIA-SNAKE, OR",CANADA,898
31,"ANCHORAGE, AK",JAPAN,881
16,"CHARLESTON, SC",CANADA,852
20,"NEW ORLEANS, LA",IRAQ,592
17,"SAVANNAH, GA",CANADA,541
18,"TAMPA, FL",MEXICO,470
31,"ANCHORAGE, AK","KOREA, SOUTH",465
53,"HOUSTON-GALVESTON, TX",BRAZIL,459
10,"NEW YORK CITY, NY",MEXICO,439
11,"PHILADELPHIA, PA",CANADA,432
28,"SAN FRANCISCO, CA",THAILAND,313
36,"DULUTH, MN",CANADA,246
51,U.S. VIRGIN ISLANDS,NETHERLANDS,225
52,"MIAMI, FL",MEXICO,183
20,"NEW ORLEANS, LA",CANADA,181
52,"MIAMI, FL",COLOMBIA,138
53,"HOUSTON-GALVESTON, TX",COLOMBIA,66
38,"DETROIT, MI",GERMANY,11
10,"NEW YORK CITY, NY",FRANCE,9
23,"LAREDO, TX",MEXICO,1
45,"ST. LOUIS, MO",CANADA,0
49,"SAN JUAN, PR",MEXICO,0
53,"HOUSTON-GALVESTON, TX",MEXICO,0
53,"HOUSTON-GALVESTON, TX",VENEZUELA,0
27,"LOS ANGELES, CA",GUYANA,0
27,"LOS ANGELES, CA",BRAZIL,0
27,"LOS ANGELES, CA",ARGENTINA,0
30,"SEATTLE, WA",ARGENTINA,0
10,"NEW YORK CITY, NY",UNITED KINGDOM,0
49,"SAN JUAN, PR",FRANCE,0
11,"PHILADELPHIA, PA",KAZAKHSTAN,0
27,"LOS ANGELES, CA",IRAQ,0
11,"PHILADELPHIA, PA",SAUDI ARABIA,0
28,"SAN FRANCISCO, CA",UNITED ARAB EMIRATES,0
49,"SAN JUAN, PR",INDIA,0
11,"PHILADELPHIA, PA",ALGERIA,0
10,"NEW YORK CITY, NY",LIBYA,0
10,"NEW YORK CITY, NY",GHANA,0
10,"NEW YORK CITY, NY",NIGERIA,0
27,"LOS ANGELES, CA",NIGERIA,0
10,"NEW YORK CITY, NY",ANGOLA,0
10,"NEW YORK CITY, NY",CONGO,0
53,"HOUSTON-GALVESTON, TX",GUATEMALA,0
53,"HOUSTON-GALVESTON, TX",CANADA,0
54,"WASHINGTON, DC",UNITED KINGDOM,0
07,"OGDENSBURG, NY",QATAR,0
52,"MIAMI, FL",ITALY,0
38,"DETROIT, MI",UNITED ARAB EMIRATES,0
24,"EL PASO, TX",MEXICO,0
10,"NEW YORK CITY, NY",GERMANY,0
