I_COMMODITY,I_COMMODITY_LDESC,GEN_QY1_YR,UNIT_QY1,included
2710190605,"NO. 4-TYPE FUEL OILS CONTAINING NOT MORE THAN 500 PPM OF SULFUR, DISTILLATE AND RESIDUAL FUEL OILS TESTING LT 25 DEGREES API, NOT CONTAINING BIODIESEL",166,BBL,False
2710190615,"NO. 4-TYPE FUEL OILS CONTAINING MORE THAN 500 PPM OF SULFUR, DISTILLATE AND RESIDUAL FUEL OILS TESTING LT 25 DEGREES API, NOT CONTAINING BIODIESEL",2668432,BBL,False
2710190625,"FUEL OIL NO. 5 (SAYBOLT UNIV VISCOSITY AT 37.8 DEG C GT 125 SEC) DISTILLATE AND RESIDUAL FUEL OILS TESTING LT 25 DEGREES API, NOT CONTAINING BIODIESEL",40800,BBL,False
2710190630,"FUEL OIL NO. 6 (SAYBOLT UNIV VISCOSITY AT 37.8 DEG C GT 125 SEC) DISTILLATE AND RESIDUAL FUEL OILS TESTING LT 25 DEGREES API, NOT CONTAINING BIODIESEL",19413682,BBL,False
2710190635,"HEAVY FUEL OILS (SAYBOLT UNIV VISCOSITY AT 37.8 DEG C GT 125 SEC), DISTILLATE AND RESIDUAL, TESTING LT 25 DEGREES API, NOT CONTAINING BIODIESEL, NESOI",168098823,BBL,False
2710190650,"DISTILLATE AND RESIDUAL FUEL OILS (INCLUDING BLENDED FUEL OILS), TESTING UNDER 25 DEGREES API, NOT CONTAINING BIODIESEL, NESOI",1854837,BBL,False
2710191102,"FUEL OILS NOS. 2 AND 3, DIESEL, CONTAINING NOT MORE THAN 15 PPM OF SULFUR, TESTING GT=25 DEG. C API, NOT CONTAINING BIODIESEL",39712720,BBL,True
2710191103,"FUEL OILS NOS. 2 AND 3, DIESEL, CONTAINING MORE THAN 15 PPM BUT NOT MORE THAN 500 PPM OF SULFUR, TESTING GT=25 DEG. C API, NOT CONTAINING BIODIESEL",618106,BBL,True
2710191104,"FUEL OILS NOS. 2 AND 3, DIESEL, CONTAINING MORE THAN 500 PPM OF SULFUR, TESTING GT=25 DEG. C API, NOT CONTAINING BIODIESEL",57,BBL,True
2710191105,"FUEL OILS NOS. 2 AND 3, CONTAINING NOT MORE THAN 15 PPM OF SULFUR, TESTING GT=25 DEG. C API, OTHER THAN DIESEL OIL, NOT CONTAINING BIODIESEL",18786865,BBL,True
2710191108,"FUEL OILS NOS. 2 AND 3, CONTAINING MORE THAN 500 PPM OF SULFUR, TESTING GT=25 DEG. C API, OTHER THAN DIESEL OIL, NOT CONTAINING BIODIESEL",17876,BBL,True
2710191111,"LIGHT FUEL OILS (SAYBOLT UNIV VISC AT 37.8 DEG. C LT 45 SEC) CONTAINING NOT MORE THAN 15 PPM OF SULFUR, GT=25 DEG API, NOT CONTAINING BIODIESEL, NESOI",1469807,BBL,True
2710191113,"LIGHT FUEL OILS (SAYBOLT UNIV VISC AT 37.8 DEG. C LT 45 SEC) MORE THAN 15 BUT NOT MORE THAN 500 PPM SULFUR, GT=25 DEG API, NOT CONTAIN BIODIESEL NESOI",183855,BBL,True
2710191114,"LIGHT FUEL OILS (SAYBOLT UNIV VISC AT 37.8 DEG. C LT 45 SEC) CONTAINING MORE THAN 500 PPM OF SULFUR, GT=25 DEG API, NOT CONTAINING BIODIESEL, NESOI",658380,BBL,True
2710191115,"NO. 4-TYPE FUEL OILS CONTAINING NOT MORE THAN 500 PPM OF SULFUR, TESTING 25 DEGREES API OR MORE, NOT CONTAINING BIODIESEL",1938398,BBL,False
2710191125,"NO. 4-TYPE FUEL OILS CONTAINING MORE THAN 500 PPM OF SULFUR, TESTING 25 DEGREES API OR MORE, NOT CONTAINING BIODIESEL",2972259,BBL,False
2710191150,"HEAVY FUEL OILS (SAYBOLT UNIV VISCOSITY AT 37.8 DEG C GT 125 SEC), DISTILLATE AND RESIDUAL, TESTING GT=25 DEGREES API, NOT CONTAINING BIODIESEL",8212391,BBL,False
2710191600,"KEROSENE-TYPE JET FUEL, NOT CONTAINING BIODIESEL, NESOI",30464283,BBL,False
2710192400,"KEROSENE MOTOR FUEL, EXCEPT KEROSENE-TYPE JET FUEL, NOT CONTAINING BIODIESEL, NESOI",31575,BBL,False
2710192500,"KEROSENE MOTOR FUEL BLENDING STOCK, NOT CONTAINING BIODIESEL, NESOI",10891,BBL,False
2710192600,"KEROSENE, EXCEPT KEROSENE-TYPE JET FUEL, MOTOR FUEL OR MOTOR FUEL BLENDING STOCK, NOT CONTAINING BIODIESEL, NESOI",339607,BBL,False
2710193010,AVIATION ENGINE LUBRICATING OILS (EXCEPT JET ENGINE LUBRICATING OILS),9320,BBL,False
2710193020,"AUTOMOTIVE, DIESEL OR MARINE ENGINE (EXCEPT TURBINE) LUBRICATING OILS",4900045,BBL,False
2710193030,"TURBINE LUBRICATING OIL, INCLUDING MARINE",22268,BBL,False
2710193040,AUTOMOTIVE GEAR OILS,348260,BBL,False
2710193050,STEAM CYLINDER OILS,268,BBL,False
2710193070,QUENCHING OR CUTTING OILS,32807,BBL,False
2710193080,"LUBRICATING OILS WITH OR WITHOUT ADDITIVES, NESOI",9485723,BBL,False
2710193500,GREASES CONTAINING NOT OVER 10 PERCNT BY WEIGHT OF SALTS OF FATTY ACIDS OF ANIMAL (INCL MARINE ANIMAL) OR VEGETABLE ORIGIN,3657924,KG,False
2710194000,"LUBRICATING GREASES, WITH OR WITHOUT ADDITIVES, NOT ELSEWHERE SPECIFIED OR INCLUDED",7352637,KG,False
2710194530,"WHITE MINERAL OILS, MEDICINAL GRADE",7695,BBL,False
2710194540,"WHITE MINERAL OILS, EXCEPT MEDICINAL GRADE",348321,BBL,False
2710194545,"INSULATING OR TRANSFORMER OILS, NESOI",48901,BBL,False
2710194590,"MIXTURES OF HYDROCARBONS NESOI, CONTAINING BY WEIGHT NOT OVER 50 PERCENT OF ANY SINGLE HYDROCARBON COMPOUND",15693568,BBL,False
2710199000,"PETROLEUM OILS OR OILS OBTAINED FROM BITUMINOUS MINERALS, OTHER THAN CRUDE, CONTAINING BY WEIGHT 70% OR MORE OF PETROLEUM OILS, NESOI",172461705,KG,False
2710200550,"DISTILLATE AND RESIDUAL FUEL OILS (INCLUDING BLENDED FUEL OILS), TESTING UNDER 25 DEGREES API, CONTAINING BIODIESEL, NESOI",385,BBL,False
2710201002,"FUEL OILS NOS. 2 AND 3, DIESEL, CONTAINING NOT MORE THAN 15 PPM OF SULFUR, TESTING GT=25 DEG. C API, CONTAINING BIODIESEL",16,BBL,True
2710201004,"FUEL OILS NOS. 2 AND 3, DIESEL, CONTAINING MORE THAN 500 PPM OF SULFUR, TESTING GT=25 DEG. C API, CONTAINING BIODIESEL",8,BBL,True
2710201500,"KEROSENE-TYPE JET FUEL, MOTOR FUEL OR MOTOR FUEL BLENDING STOCK CONTAINING BIODIESEL, NESOI",18066,BBL,False
2710202500,"KEROSENE, EXCEPT KEROSENE-TYPE JET FUEL, MOTOR FUEL OR MOTOR FUEL BLENDING STOCK, CONTAINING BIODIESEL, NESOI",230269,BBL,False
