DISTRICT,DIST_NAME,CTY_CODE,CTY_NAME,SUMMARY_LVL,I_COMMODITY_SDESC,GEN_QY1_YR,UNIT_QY1,GEN_VAL_YR,time,COMM_LVL,I_COMMODITY
-,TOTAL FOR ALL DISTRICTS,-,TOTAL FOR ALL COUNTRIES,DET,"NO2 & 3 FL OIL,DIESEL,LT=15 PPM S,GT=25,NT BIODSEL",39712720,BBL,3900440690,2024-12,HS10,2710191102
-,TOTAL FOR ALL DISTRICTS,0003,EUROPEAN UNION,CGP,"NO2 & 3 FL OIL,DIESEL,LT=15 PPM S,GT=25,NT BIODSEL",85495,BBL,7070636,2024-12,HS10,2710191102
-,TOTAL FOR ALL DISTRICTS,0014,PACIFIC RIM COUNTRIES,CGP,"NO2 & 3 FL OIL,DIESEL,LT=15 PPM S,GT=25,NT BIODSEL",954151,BBL,94825193,2024-12,HS10,2710191102
-,TOTAL FOR ALL DISTRICTS,0020,USMCA (NAFTA),CGP,"NO2 & 3 FL OIL,DIESEL,LT=15 PPM S,GT=25,NT BIODSEL",34444345,BBL,3363027891,2024-12,HS10,2710191102
-,TOTAL FOR ALL DISTRICTS,0021,TWENTY LATIN AMERICAN REPUBLICS,CGP,"NO2 & 3 FL OIL,DIESEL,LT=15 PPM S,GT=25,NT BIODSEL",4228729,BBL,435516970,2024-12,HS10,2710191102
-,TOTAL FOR ALL DISTRICTS,0022,OECD,CGP,"NO2 & 3 FL OIL,DIESEL,LT=15 PPM S,GT=25,NT BIODSEL",39712720,BBL,3900440690,2024-12,HS10,2710191102
-,TOTAL FOR ALL DISTRICTS,0023,NATO,CGP,"NO2 & 3 FL OIL,DIESEL,LT=15 PPM S,GT=25,NT BIODSEL",34529840,BBL,3370098527,2024-12,HS10,2710191102
-,TOTAL FOR ALL DISTRICTS,0024,LAFTA,CGP,"NO2 & 3 FL OIL,DIESEL,LT=15 PPM S,GT=25,NT BIODSEL",4228729,BBL,435516970,2024-12,HS10,2710191102
-,TOTAL FOR ALL DISTRICTS,0025,EURO AREA,CGP,"NO2 & 3 FL OIL,DIESEL,LT=15 PPM S,GT=25,NT BIODSEL",85495,BBL,7070636,2024-12,HS10,2710191102
-,TOTAL FOR ALL DISTRICTS,0026,APEC,CGP,"NO2 & 3 FL OIL,DIESEL,LT=15 PPM S,GT=25,NT BIODSEL",35398496,BBL,3457853084,2024-12,HS10,2710191102
-,TOTAL FOR ALL DISTRICTS,1220,CANADA,DET,"NO2 & 3 FL OIL,DIESEL,LT=15 PPM S,GT=25,NT BIODSEL",34444345,BBL,3363027891,2024-12,HS10,2710191102
-,TOTAL FOR ALL DISTRICTS,1XXX,NORTH AMERICA,CGP,"NO2 & 3 FL OIL,DIESEL,LT=15 PPM S,GT=25,NT BIODSEL",34444345,BBL,3363027891,2024-12,HS10,2710191102
-,TOTAL FOR ALL DISTRICTS,2010,MEXICO,DET,"NO2 & 3 FL OIL,DIESEL,LT=15 PPM S,GT=25,NT BIODSEL",0,BBL,0,2024-12,HS10,2710191102
-,TOTAL FOR ALL DISTRICTS,3010,COLOMBIA,DET,"NO2 & 3 FL OIL,DIESEL,LT=15 PPM S,GT=25,NT BIODSEL",4228729,BBL,435516970,2024-12,HS10,2710191102
-,TOTAL FOR ALL DISTRICTS,3070,VENEZUELA,DET,"NO2 & 3 FL OIL,DIESEL,LT=15 PPM S,GT=25,NT BIODSEL",0,BBL,0,2024-12,HS10,2710191102
-,TOTAL FOR ALL DISTRICTS,3120,GUYANA,DET,"NO2 & 3 FL OIL,DIESEL,LT=15 PPM S,GT=25,NT BIODSEL",0,BBL,0,2024-12,HS10,2710191102
-,TOTAL FOR ALL DISTRICTS,3510,BRAZIL,DET,"NO2 & 3 FL OIL,DIESEL,LT=15 PPM S,GT=25,NT BIODSEL",0,BBL,0,2024-12,HS10,2710191102
-,TOTAL FOR ALL DISTRICTS,3570,ARGENTINA,DET,"NO2 & 3 FL OIL,DIESEL,LT=15 PPM S,GT=25,NT BIODSEL",0,BBL,0,2024-12,HS10,2710191102
-,TOTAL FOR ALL DISTRICTS,3XXX,SOUTH AMERICA,CGP,"NO2 & 3 FL OIL,DIESEL,LT=15 PPM S,GT=25,NT BIODSEL",4228729,BBL,435516970,2024-12,HS10,2710191102
-,TOTAL FOR ALL DISTRICTS,4120,UNITED KINGDOM,DET,"NO2 & 3 FL OIL,DIESEL,LT=15 PPM S,GT=25,NT BIODSEL",0,BBL,0,2024-12,HS10,2710191102
-,TOTAL FOR ALL DISTRICTS,4210,NETHERLANDS,DET,"NO2 & 3 FL OIL,DIESEL,LT=15 PPM S,GT=25,NT BIODSEL",82265,BBL,6859399,2024-12,HS10,2710191102
-,TOTAL FOR ALL DISTRICTS,4279,FRANCE,DET,"NO2 & 3 FL OIL,DIESEL,LT=15 PPM S,GT=25,NT BIODSEL",3230,BBL,211237,2024-12,HS10,2710191102
-,TOTAL FOR ALL DISTRICTS,4634,KAZAKHSTAN,DET,"NO2 & 3 FL OIL,DIESEL,LT=15 PPM S,GT=25,NT BIODSEL",0,BBL,0,2024-12,HS10,2710191102
-,TOTAL FOR ALL DISTRICTS,4XXX,EUROPE,CGP,"NO2 & 3 FL OIL,DIESEL,LT=15 PPM S,GT=25,NT BIODSEL",85495,BBL,7070636,2024-12,HS10,2710191102
-,TOTAL FOR ALL DISTRICTS,5050,IRAQ,DET,"NO2 & 3 FL OIL,DIESEL,LT=15 PPM S,GT=25,NT BIODSEL",0,BBL,0,2024-12,HS10,2710191102
-,TOTAL FOR ALL DISTRICTS,5170,SAUDI ARABIA,DET,"NO2 & 3 FL OIL,DIESEL,LT=15 PPM S,GT=25,NT BIODSEL",0,BBL,0,2024-12,HS10,2710191102
-,TOTAL FOR ALL DISTRICTS,5200,UNITED ARAB EMIRATES,DET,"NO2 & 3 FL OIL,DIESEL,LT=15 PPM S,GT=25,NT BIODSEL",0,BBL,0,2024-12,HS10,2710191102
-,TOTAL FOR ALL DISTRICTS,5330,INDIA,DET,"NO2 & 3 FL OIL,DIESEL,LT=15 PPM S,GT=25,NT BIODSEL",0,BBL,0,2024-12,HS10,2710191102
-,TOTAL FOR ALL DISTRICTS,5800,"KOREA, SOUTH",DET,"NO2 & 3 FL OIL,DIESEL,LT=15 PPM S,GT=25,NT BIODSEL",954151,BBL,94825193,2024-12,HS10,2710191102
-,TOTAL FOR ALL DISTRICTS,5XXX,ASIA,CGP,"NO2 & 3 FL OIL,DIESEL,LT=15 PPM S,GT=25,NT BIODSEL",954151,BBL,94825193,2024-12,HS10,2710191102
-,TOTAL FOR ALL DISTRICTS,7210,ALGERIA,DET,"NO2 & 3 FL OIL,DIESEL,LT=15 PPM S,GT=25,NT BIODSEL",0,BBL,0,2024-12,HS10,2710191102
-,TOTAL FOR ALL DISTRICTS,7250,LIBYA,DET,"NO2 & 3 FL OIL,DIESEL,LT=15 PPM S,GT=25,NT BIODSEL",0,BBL,0,2024-12,HS10,2710191102
-,TOTAL FOR ALL DISTRICTS,7490,GHANA,DET,"NO2 & 3 FL OIL,DIESEL,LT=15 PPM S,GT=25,NT BIODSEL",0,BBL,0,2024-12,HS10,2710191102
-,TOTAL FOR ALL DISTRICTS,7530,NIGERIA,DET,"NO2 & 3 FL OIL,DIESEL,LT=15 PPM S,GT=25,NT BIODSEL",0,BBL,0,2024-12,HS10,2710191102
-,TOTAL FOR ALL DISTRICTS,7620,ANGOLA,DET,"NO2 & 3 FL OIL,DIESEL,LT=15 PPM S,GT=25,NT BIODSEL",0,BBL,0,2024-12,HS10,2710191102
-,TOTAL FOR ALL DISTRICTS,7630,CONGO,DET,"NO2 & 3 FL OIL,DIESEL,LT=15 PPM S,GT=25,NT BIODSEL",0,BBL,0,2024-12,HS10,2710191102
-,TOTAL FOR ALL DISTRICTS,7XXX,AFRICA,CGP,"NO2 & 3 FL OIL,DIESEL,LT=15 PPM S,GT=25,NT BIODSEL",0,BBL,0,2024-12,HS10,2710191102
10,"NEW YORK CITY, NY",0003,EUROPEAN UNION,CGP,"NO2 & 3 FL OIL,DIESEL,LT=15 PPM S,GT=25,NT BIODSEL",3230,BBL,211237,2024-12,HS10,2710191102
49,"SAN JUAN, PR",0003,EUROPEAN UNION,CGP,"NO2 & 3 FL OIL,DIESEL,LT=15 PPM S,GT=25,NT BIODSEL",0,BBL,0,2024-12,HS10,2710191102
51,U.S. VIRGIN ISLANDS,0003,EUROPEAN UNION,CGP,"NO2 & 3 FL OIL,DIESEL,LT=15 PPM S,GT=25,NT BIODSEL",82265,BBL,6859399,2024-12,HS10,2710191102
31,"ANCHORAGE, AK",0014,PACIFIC RIM COUNTRIES,CGP,"NO2 & 3 FL OIL,DIESEL,LT=15 PPM S,GT=25,NT BIODSEL",170096,BBL,18784178,2024-12,HS10,2710191102
32,"HONOLULU, HI",0014,PACIFIC RIM COUNTRIES,CGP,"NO2 & 3 FL OIL,DIESEL,LT=15 PPM S,GT=25,NT BIODSEL",784055,BBL,76041015,2024-12,HS10,2710191102
01,"PORTLAND, ME",0020,USMCA (NAFTA),CGP,"NO2 & 3 FL OIL,DIESEL,LT=15 PPM S,GT=25,NT BIODSEL",6059029,BBL,612987290,2024-12,HS10,2710191102
02,"ST. ALBANS, VT",0020,USMCA (NAFTA),CGP,"NO2 & 3 FL OIL,DIESEL,LT=15 PPM S,GT=25,NT BIODSEL",1780641,BBL,189451721,2024-12,HS10,2710191102
04,"BOSTON, MA",0020,USMCA (NAFTA),CGP,"NO2 & 3 FL OIL,DIESEL,LT=15 PPM S,GT=25,NT BIODSEL",9698081,BBL,957571381,2024-12,HS10,2710191102
05,"PROVIDENCE, RI",0020,USMCA (NAFTA),CGP,"NO2 & 3 FL OIL,DIESEL,LT=15 PPM S,GT=25,NT BIODSEL",1234807,BBL,119305588,2024-12,HS10,2710191102
07,"OGDENSBURG, NY",0020,USMCA (NAFTA),CGP,"NO2 & 3 FL OIL,DIESEL,LT=15 PPM S,GT=25,NT BIODSEL",880981,BBL,96580002,2024-12,HS10,2710191102
09,"BUFFALO, NY",0020,USMCA (NAFTA),CGP,"NO2 & 3 FL OIL,DIESEL,LT=15 PPM S,GT=25,NT BIODSEL",1275106,BBL,143271961,2024-12,HS10,2710191102
10,"NEW YORK CITY, NY",0020,USMCA (NAFTA),CGP,"NO2 & 3 FL OIL,DIESEL,LT=15 PPM S,GT=25,NT BIODSEL",478341,BBL,41825944,2024-12,HS10,2710191102
11,"PHILADELPHIA, PA",0020,USMCA (NAFTA),CGP,"NO2 & 3 FL OIL,DIESEL,LT=15 PPM S,GT=25,NT BIODSEL",69128,BBL,4771128,2024-12,HS10,2710191102
16,"CHARLESTON, SC",0020,USMCA (NAFTA),CGP,"NO2 & 3 FL OIL,DIESEL,LT=15 PPM S,GT=25,NT BIODSEL",311813,BBL,31173834,2024-12,HS10,2710191102
17,"SAVANNAH, GA",0020,USMCA (NAFTA),CGP,"NO2 & 3 FL OIL,DIESEL,LT=15 PPM S,GT=25,NT BIODSEL",198083,BBL,19879391,2024-12,HS10,2710191102
20,"NEW ORLEANS, LA",0020,USMCA (NAFTA),CGP,"NO2 & 3 FL OIL,DIESEL,LT=15 PPM S,GT=25,NT BIODSEL",50,BBL,4300,2024-12,HS10,2710191102
29,"COLUMBIA-SNAKE, OR",0020,USMCA (NAFTA),CGP,"NO2 & 3 FL OIL,DIESEL,LT=15 PPM S,GT=25,NT BIODSEL",328528,BBL,34425936,2024-12,HS10,2710191102
30,"SEATTLE, WA",0020,USMCA (NAFTA),CGP,"NO2 & 3 FL OIL,DIESEL,LT=15 PPM S,GT=25,NT BIODSEL",739890,BBL,67749234,2024-12,HS10,2710191102
31,"ANCHORAGE, AK",0020,USMCA (NAFTA),CGP,"NO2 & 3 FL OIL,DIESEL,LT=15 PPM S,GT=25,NT BIODSEL",2672874,BBL,268300093,2024-12,HS10,2710191102
33,"GREAT FALLS, MT",0020,USMCA (NAFTA),CGP,"NO2 & 3 FL OIL,DIESEL,LT=15 PPM S,GT=25,NT BIODSEL",4089531,BBL,342606433,2024-12,HS10,2710191102
34,"PEMBINA, ND",0020,USMCA (NAFTA),CGP,"NO2 & 3 FL OIL,DIESEL,LT=15 PPM S,GT=25,NT BIODSEL",1203281,BBL,105519753,2024-12,HS10,2710191102
36,"DULUTH, MN",0020,USMCA (NAFTA),CGP,"NO2 & 3 FL OIL,DIESEL,LT=15 PPM S,GT=25,NT BIODSEL",75660,BBL,5616493,2024-12,HS10,2710191102
37,"MILWAUKEE, WI",0020,USMCA (NAFTA),CGP,"NO2 & 3 FL OIL,DIESEL,LT=15 PPM S,GT=25,NT BIODSEL",452865,BBL,42912687,2024-12,HS10,2710191102
38,"DETROIT, MI",0020,USMCA (NAFTA),CGP,"NO2 & 3 FL OIL,DIESEL,LT=15 PPM S,GT=25,NT BIODSEL",551312,BBL,52286947,2024-12,HS10,2710191102
45,"ST. LOUIS, MO",0020,USMCA (NAFTA),CGP,"NO2 & 3 FL OIL,DIESEL,LT=15 PPM S,GT=25,NT BIODSEL",0,BBL,0,2024-12,HS10,2710191102
49,"SAN JUAN, PR",0020,USMCA (NAFTA),CGP,"NO2 & 3 FL OIL,DIESEL,LT=15 PPM S,GT=25,NT BIODSEL",2344344,BBL,226787775,2024-12,HS10,2710191102
53,"HOUSTON-GALVESTON, TX",0020,USMCA (NAFTA),CGP,"NO2 & 3 FL OIL,DIESEL,LT=15 PPM S,GT=25,NT BIODSEL",0,BBL,0,2024-12,HS10,2710191102
18,"TAMPA, FL",0021,TWENTY LATIN AMERICAN REPUBLICS,CGP,"NO2 & 3 FL OIL,DIESEL,LT=15 PPM S,GT=25,NT BIODSEL",100309,BBL,10093049,2024-12,HS10,2710191102
27,"LOS ANGELES, CA",0021,TWENTY LATIN AMERICAN REPUBLICS,CGP,"NO2 & 3 FL OIL,DIESEL,LT=15 PPM S,GT=25,NT BIODSEL",0,BBL,0,2024-12,HS10,2710191102
30,"SEATTLE, WA",0021,TWENTY LATIN AMERICAN REPUBLICS,CGP,"NO2 & 3 FL OIL,DIESEL,LT=15 PPM S,GT=25,NT BIODSEL",0,BBL,0,2024-12,HS10,2710191102
49,"SAN JUAN, PR",0021,TWENTY LATIN AMERICAN REPUBLICS,CGP,"NO2 & 3 FL OIL,DIESEL,LT=15 PPM S,GT=25,NT BIODSEL",4078092,BBL,419903042,2024-12,HS10,2710191102
52,"MIAMI, FL",0021,TWENTY LATIN AMERICAN REPUBLICS,CGP,"NO2 & 3 FL OIL,DIESEL,LT=15 PPM S,GT=25,NT BIODSEL",50328,BBL,5520879,2024-12,HS10,2710191102
53,"HOUSTON-GALVESTON, TX",0021,TWENTY LATIN AMERICAN REPUBLICS,CGP,"NO2 & 3 FL OIL,DIESEL,LT=15 PPM S,GT=25,NT BIODSEL",0,BBL,0,2024-12,HS10,2710191102
01,"PORTLAND, ME",0022,OECD,CGP,"NO2 & 3 FL OIL,DIESEL,LT=15 PPM S,GT=25,NT BIODSEL",6059029,BBL,612987290,2024-12,HS10,2710191102
02,"ST. ALBANS, VT",0022,OECD,CGP,"NO2 & 3 FL OIL,DIESEL,LT=15 PPM S,GT=25,NT BIODSEL",1780641,BBL,189451721,2024-12,HS10,2710191102
04,"BOSTON, MA",0022,OECD,CGP,"NO2 & 3 FL OIL,DIESEL,LT=15 PPM S,GT=25,NT BIODSEL",9698081,BBL,957571381,2024-12,HS10,2710191102
05,"PROVIDENCE, RI",0022,OECD,CGP,"NO2 & 3 FL OIL,DIESEL,LT=15 PPM S,GT=25,NT BIODSEL",1234807,BBL,119305588,2024-12,HS10,2710191102
07,"OGDENSBURG, NY",0022,OECD,CGP,"NO2 & 3 FL OIL,DIESEL,LT=15 PPM S,GT=25,NT BIODSEL",880981,BBL,96580002,2024-12,HS10,2710191102
09,"BUFFALO, NY",0022,OECD,CGP,"NO2 & 3 FL OIL,DIESEL,LT=15 PPM S,GT=25,NT BIODSEL",1275106,BBL,143271961,2024-12,HS10,2710191102
10,"NEW YORK CITY, NY",0022,OECD,CGP,"NO2 & 3 FL OIL,DIESEL,LT=15 PPM S,GT=25,NT BIODSEL",481571,BBL,42037181,2024-12,HS10,2710191102
11,"PHILADELPHIA, PA",0022,OECD,CGP,"NO2 & 3 FL OIL,DIESEL,LT=15 PPM S,GT=25,NT BIODSEL",69128,BBL,4771128,2024-12,HS10,2710191102
16,"CHARLESTON, SC",0022,OECD,CGP,"NO2 & 3 FL OIL,DIESEL,LT=15 PPM S,GT=25,NT BIODSEL",311813,BBL,31173834,2024-12,HS10,2710191102
17,"SAVANNAH, GA",0022,OECD,CGP,"NO2 & 3 FL OIL,DIESEL,LT=15 PPM S,GT=25,NT BIODSEL",198083,BBL,19879391,2024-12,HS10,2710191102
18,"TAMPA, FL",0022,OECD,CGP,"NO2 & 3 FL OIL,DIESEL,LT=15 PPM S,GT=25,NT BIODSEL",100309,BBL,10093049,2024-12,HS10,2710191102
20,"NEW ORLEANS, LA",0022,OECD,CGP,"NO2 & 3 FL OIL,DIESEL,LT=15 PPM S,GT=25,NT BIODSEL",50,BBL,4300,2024-12,HS10,2710191102
29,"COLUMBIA-SNAKE, OR",0022,OECD,CGP,"NO2 & 3 FL OIL,DIESEL,LT=15 PPM S,GT=25,NT BIODSEL",328528,BBL,34425936,2024-12,HS10,2710191102
30,"SEATTLE, WA",0022,OECD,CGP,"NO2 & 3 FL OIL,DIESEL,LT=15 PPM S,GT=25,NT BIODSEL",739890,BBL,67749234,2024-12,HS10,2710191102
31,"ANCHORAGE, AK",0022,OECD,CGP,"NO2 & 3 FL OIL,DIESEL,LT=15 PPM S,GT=25,NT BIODSEL",2842970,BBL,287084271,2024-12,HS10,2710191102
32,"HONOLULU, HI",0022,OECD,CGP,"NO2 & 3 FL OIL,DIESEL,LT=15 PPM S,GT=25,NT BIODSEL",784055,BBL,76041015,2024-12,HS10,2710191102
33,"GREAT FALLS, MT",0022,OECD,CGP,"NO2 & 3 FL OIL,DIESEL,LT=15 PPM S,GT=25,NT BIODSEL",4089531,BBL,342606433,2024-12,HS10,2710191102
34,"PEMBINA, ND",0022,OECD,CGP,"NO2 & 3 FL OIL,DIESEL,LT=15 PPM S,GT=25,NT BIODSEL",1203281,BBL,105519753,2024-12,HS10,2710191102
36,"DULUTH, MN",0022,OECD,CGP,"NO2 & 3 FL OIL,DIESEL,LT=15 PPM S,GT=25,NT BIODSEL",75660,BBL,5616493,2024-12,HS10,2710191102
37,"MILWAUKEE, WI",0022,OECD,CGP,"NO2 & 3 FL OIL,DIESEL,LT=15 PPM S,GT=25,NT BIODSEL",452865,BBL,42912687,2024-12,HS10,2710191102
38,"DETROIT, MI",0022,OECD,CGP,"NO2 & 3 FL OIL,DIESEL,LT=15 PPM S,GT=25,NT BIODSEL",551312,BBL,52286947,2024-12,HS10,2710191102
45,"ST. LOUIS, MO",0022,OECD,CGP,"NO2 & 3 FL OIL,DIESEL,LT=15 PPM S,GT=25,NT BIODSEL",0,BBL,0,2024-12,HS10,2710191102
49,"SAN JUAN, PR",0022,OECD,CGP,"NO2 & 3 FL OIL,DIESEL,LT=15 PPM S,GT=25,NT BIODSEL",6422436,BBL,646690817,2024-12,HS10,2710191102
51,U.S. VIRGIN ISLANDS,0022,OECD,CGP,"NO2 & 3 FL OIL,DIESEL,LT=15 PPM S,GT=25,NT BIODSEL",82265,BBL,6859399,2024-12,HS10,2710191102
52,"MIAMI, FL",0022,OECD,CGP,"NO2 & 3 FL OIL,DIESEL,LT=15 PPM S,GT=25,NT BIODSEL",50328,BBL,5520879,2024-12,HS10,2710191102
53,"HOUSTON-GALVESTON, TX",0022,OECD,CGP,"NO2 & 3 FL OIL,DIESEL,LT=15 PPM S,GT=25,NT BIODSEL",0,BBL,0,2024-12,HS10,2710191102
01,"PORTLAND, ME",0023,NATO,CGP,"NO2 & 3 FL OIL,DIESEL,LT=15 PPM S,GT=25,NT BIODSEL",6059029,BBL,612987290,2024-12,HS10,2710191102
02,"ST. ALBANS, VT",0023,NATO,CGP,"NO2 & 3 FL OIL,DIESEL,LT=15 PPM S,GT=25,NT BIODSEL",1780641,BBL,189451721,2024-12,HS10,2710191102
04,"BOSTON, MA",0023,NATO,CGP,"NO2 & 3 FL OIL,DIESEL,LT=15 PPM S,GT=25,NT BIODSEL",9698081,BBL,957571381,2024-12,HS10,2710191102
05,"PROVIDENCE, RI",0023,NATO,CGP,"NO2 & 3 FL OIL,DIESEL,LT=15 PPM S,GT=25,NT BIODSEL",1234807,BBL,119305588,2024-12,HS10,2710191102
07,"OGDENSBURG, NY",0023,NATO,CGP,"NO2 & 3 FL OIL,DIESEL,LT=15 PPM S,GT=25,NT BIODSEL",880981,BBL,96580002,2024-12,HS10,2710191102
09,"BUFFALO, NY",0023,NATO,CGP,"NO2 & 3 FL OIL,DIESEL,LT=15 PPM S,GT=25,NT BIODSEL",1275106,BBL,143271961,2024-12,HS10,2710191102
10,"NEW YORK CITY, NY",0023,NATO,CGP,"NO2 & 3 FL OIL,DIESEL,LT=15 PPM S,GT=25,NT BIODSEL",481571,BBL,42037181,2024-12,HS10,2710191102
11,"PHILADELPHIA, PA",0023,NATO,CGP,"NO2 & 3 FL OIL,DIESEL,LT=15 PPM S,GT=25,NT BIODSEL",69128,BBL,4771128,2024-12,HS10,2710191102
16,"CHARLESTON, SC",0023,NATO,CGP,"NO2 & 3 FL OIL,DIESEL,LT=15 PPM S,GT=25,NT BIODSEL",311813,BBL,31173834,2024-12,HS10,2710191102
17,"SAVANNAH, GA",0023,NATO,CGP,"NO2 & 3 FL OIL,DIESEL,LT=15 PPM S,GT=25,NT BIODSEL",198083,BBL,19879391,2024-12,HS10,2710191102
20,"NEW ORLEANS, LA",0023,NATO,CGP,"NO2 & 3 FL OIL,DIESEL,LT=15 PPM S,GT=25,NT BIODSEL",50,BBL,4300,2024-12,HS10,2710191102
29,"COLUMBIA-SNAKE, OR",0023,NATO,CGP,"NO2 & 3 FL OIL,DIESEL,LT=15 PPM S,GT=25,NT BIODSEL",328528,BBL,34425936,2024-12,HS10,2710191102
30,"SEATTLE, WA",0023,NATO,CGP,"NO2 & 3 FL OIL,DIESEL,LT=15 PPM S,GT=25,NT BIODSEL",739890,BBL,67749234,2024-12,HS10,2710191102
31,"ANCHORAGE, AK",0023,NATO,CGP,"NO2 & 3 FL OIL,DIESEL,LT=15 PPM S,GT=25,NT BIODSEL",2672874,BBL,268300093,2024-12,HS10,2710191102
33,"GREAT FALLS, MT",0023,NATO,CGP,"NO2 & 3 FL OIL,DIESEL,LT=15 PPM S,GT=25,NT BIODSEL",4089531,BBL,342606433,2024-12,HS10,2710191102
34,"PEMBINA, ND",0023,NATO,CGP,"NO2 & 3 FL OIL,DIESEL,LT=15 PPM S,GT=25,NT BIODSEL",1203281,BBL,105519753,2024-12,HS10,2710191102
36,"DULUTH, MN",0023,NATO,CGP,"NO2 & 3 FL OIL,DIESEL,LT=15 PPM S,GT=25,NT BIODSEL",75660,BBL,5616493,2024-12,HS10,2710191102
37,"MILWAUKEE, WI",0023,NATO,CGP,"NO2 & 3 FL OIL,DIESEL,LT=15 PPM S,GT=25,NT BIODSEL",452865,BBL,42912687,2024-12,HS10,2710191102
38,"DETROIT, MI",0023,NATO,CGP,"NO2 & 3 FL OIL,DIESEL,LT=15 PPM S,GT=25,NT BIODSEL",551312,BBL,52286947,2024-12,HS10,2710191102
45,"ST. LOUIS, MO",0023,NATO,CGP,"NO2 & 3 FL OIL,DIESEL,LT=15 PPM S,GT=25,NT BIODSEL",0,BBL,0,2024-12,HS10,2710191102
49,"SAN JUAN, PR",0023,NATO,CGP,"NO2 & 3 FL OIL,DIESEL,LT=15 PPM S,GT=25,NT BIODSEL",2344344,BBL,226787775,2024-12,HS10,2710191102
51,U.S. VIRGIN ISLANDS,0023,NATO,CGP,"NO2 & 3 FL OIL,DIESEL,LT=15 PPM S,GT=25,NT BIODSEL",82265,BBL,6859399,2024-12,HS10,2710191102
18,"TAMPA, FL",0024,LAFTA,CGP,"NO2 & 3 FL OIL,DIESEL,LT=15 PPM S,GT=25,NT BIODSEL",100309,BBL,10093049,2024-12,HS10,2710191102
27,"LOS ANGELES, CA",0024,LAFTA,CGP,"NO2 & 3 FL OIL,DIESEL,LT=15 PPM S,GT=25,NT BIODSEL",0,BBL,0,2024-12,HS10,2710191102
30,"SEATTLE, WA",0024,LAFTA,CGP,"NO2 & 3 FL OIL,DIESEL,LT=15 PPM S,GT=25,NT BIODSEL",0,BBL,0,2024-12,HS10,2710191102
49,"SAN JUAN, PR",0024,LAFTA,CGP,"NO2 & 3 FL OIL,DIESEL,LT=15 PPM S,GT=25,NT BIODSEL",4078092,BBL,419903042,2024-12,HS10,2710191102
52,"MIAMI, FL",0024,LAFTA,CGP,"NO2 & 3 FL OIL,DIESEL,LT=15 PPM S,GT=25,NT BIODSEL",50328,BBL,5520879,2024-12,HS10,2710191102
53,"HOUSTON-GALVESTON, TX",0024,LAFTA,CGP,"NO2 & 3 FL OIL,DIESEL,LT=15 PPM S,GT=25,NT BIODSEL",0,BBL,0,2024-12,HS10,2710191102
10,"NEW YORK CITY, NY",0025,EURO AREA,CGP,"NO2 & 3 FL OIL,DIESEL,LT=15 PPM S,GT=25,NT BIODSEL",3230,BBL,211237,2024-12,HS10,2710191102
49,"SAN JUAN, PR",0025,EURO AREA,CGP,"NO2 & 3 FL OIL,DIESEL,LT=15 PPM S,GT=25,NT BIODSEL",0,BBL,0,2024-12,HS10,2710191102
51,U.S. VIRGIN ISLANDS,0025,EURO AREA,CGP,"NO2 & 3 FL OIL,DIESEL,LT=15 PPM S,GT=25,NT BIODSEL",82265,BBL,6859399,2024-12,HS10,2710191102
01,"PORTLAND, ME",0026,APEC,CGP,"NO2 & 3 FL OIL,DIESEL,LT=15 PPM S,GT=25,NT BIODSEL",6059029,BBL,612987290,2024-12,HS10,2710191102
02,"ST. ALBANS, VT",0026,APEC,CGP,"NO2 & 3 FL OIL,DIESEL,LT=15 PPM S,GT=25,NT BIODSEL",1780641,BBL,189451721,2024-12,HS10,2710191102
04,"BOSTON, MA",0026,APEC,CGP,"NO2 & 3 FL OIL,DIESEL,LT=15 PPM S,GT=25,NT BIODSEL",9698081,BBL,957571381,2024-12,HS10,2710191102
05,"PROVIDENCE, RI",0026,APEC,CGP,"NO2 & 3 FL OIL,DIESEL,LT=15 PPM S,GT=25,NT BIODSEL",1234807,BBL,119305588,2024-12,HS10,2710191102
07,"OGDENSBURG, NY",0026,APEC,CGP,"NO2 & 3 FL OIL,DIESEL,LT=15 PPM S,GT=25,NT BIODSEL",880981,BBL,96580002,2024-12,HS10,2710191102
09,"BUFFALO, NY",0026,APEC,CGP,"NO2 & 3 FL OIL,DIESEL,LT=15 PPM S,GT=25,NT BIODSEL",1275106,BBL,143271961,2024-12,HS10,2710191102
10,"NEW YORK CITY, NY",0026,APEC,CGP,"NO2 & 3 FL OIL,DIESEL,LT=15 PPM S,GT=25,NT BIODSEL",478341,BBL,41825944,2024-12,HS10,2710191102
11,"PHILADELPHIA, PA",0026,APEC,CGP,"NO2 & 3 FL OIL,DIESEL,LT=15 PPM S,GT=25,NT BIODSEL",69128,BBL,4771128,2024-12,HS10,2710191102
16,"CHARLESTON, SC",0026,APEC,CGP,"NO2 & 3 FL OIL,DIESEL,LT=15 PPM S,GT=25,NT BIODSEL",311813,BBL,31173834,2024-12,HS10,2710191102
17,"SAVANNAH, GA",0026,APEC,CGP,"NO2 & 3 FL OIL,DIESEL,LT=15 PPM S,GT=25,NT BIODSEL",198083,BBL,19879391,2024-12,HS10,2710191102
20,"NEW ORLEANS, LA",0026,APEC,CGP,"NO2 & 3 FL OIL,DIESEL,LT=15 PPM S,GT=25,NT BIODSEL",50,BBL,4300,2024-12,HS10,2710191102
29,"COLUMBIA-SNAKE, OR",0026,APEC,CGP,"NO2 & 3 FL OIL,DIESEL,LT=15 PPM S,GT=25,NT BIODSEL",328528,BBL,34425936,2024-12,HS10,2710191102
30,"SEATTLE, WA",0026,APEC,CGP,"NO2 & 3 FL OIL,DIESEL,LT=15 PPM S,GT=25,NT BIODSEL",739890,BBL,67749234,2024-12,HS10,2710191102
31,"ANCHORAGE, AK",0026,APEC,CGP,"NO2 & 3 FL OIL,DIESEL,LT=15 PPM S,GT=25,NT BIODSEL",2842970,BBL,287084271,2024-12,HS10,2710191102
32,"HONOLULU, HI",0026,APEC,CGP,"NO2 & 3 FL OIL,DIESEL,LT=15 PPM S,GT=25,NT BIODSEL",784055,BBL,76041015,2024-12,HS10,2710191102
33,"GREAT FALLS, MT",0026,APEC,CGP,"NO2 & 3 FL OIL,DIESEL,LT=15 PPM S,GT=25,NT BIODSEL",4089531,BBL,342606433,2024-12,HS10,2710191102
34,"PEMBINA, ND",0026,APEC,CGP,"NO2 & 3 FL OIL,DIESEL,LT=15 PPM S,GT=25,NT BIODSEL",1203281,BBL,105519753,2024-12,HS10,2710191102
36,"DULUTH, MN",0026,APEC,CGP,"NO2 & 3 FL OIL,DIESEL,LT=15 PPM S,GT=25,NT BIODSEL",75660,BBL,5616493,2024-12,HS10,2710191102
37,"MILWAUKEE, WI",0026,APEC,CGP,"NO2 & 3 FL OIL,DIESEL,LT=15 PPM S,GT=25,NT BIODSEL",452865,BBL,42912687,2024-12,HS10,2710191102
38,"DETROIT, MI",0026,APEC,CGP,"NO2 & 3 FL OIL,DIESEL,LT=15 PPM S,GT=25,NT BIODSEL",551312,BBL,52286947,2024-12,HS10,2710191102
45,"ST. LOUIS, MO",0026,APEC,CGP,"NO2 & 3 FL OIL,DIESEL,LT=15 PPM S,GT=25,NT BIODSEL",0,BBL,0,2024-12,HS10,2710191102
49,"SAN JUAN, PR",0026,APEC,CGP,"NO2 & 3 FL OIL,DIESEL,LT=15 PPM S,GT=25,NT BIODSEL",2344344,BBL,226787775,2024-12,HS10,2710191102
53,"HOUSTON-GALVESTON, TX",0026,APEC,CGP,"NO2 & 3 FL OIL,DIESEL,LT=15 PPM S,GT=25,NT BIODSEL",0,BBL,0,2024-12,HS10,2710191102
01,"PORTLAND, ME",1220,CANADA,DET,"NO2 & 3 FL OIL,DIESEL,LT=15 PPM S,GT=25,NT BIODSEL",6059029,BBL,612987290,2024-12,HS10,2710191102
02,"ST. ALBANS, VT",1220,CANADA,DET,"NO2 & 3 FL OIL,DIESEL,LT=15 PPM S,GT=25,NT BIODSEL",1780641,BBL,189451721,2024-12,HS10,2710191102
04,"BOSTON, MA",1220,CANADA,DET,"NO2 & 3 FL OIL,DIESEL,LT=15 PPM S,GT=25,NT BIODSEL",9698081,BBL,957571381,2024-12,HS10,2710191102
05,"PROVIDENCE, RI",1220,CANADA,DET,"NO2 & 3 FL OIL,DIESEL,LT=15 PPM S,GT=25,NT BIODSEL",1234807,BBL,119305588,2024-12,HS10,2710191102
07,"OGDENSBURG, NY",1220,CANADA,DET,"NO2 & 3 FL OIL,DIESEL,LT=15 PPM S,GT=25,NT BIODSEL",880981,BBL,96580002,2024-12,HS10,2710191102
09,"BUFFALO, NY",1220,CANADA,DET,"NO2 & 3 FL OIL,DIESEL,LT=15 PPM S,GT=25,NT BIODSEL",1275106,BBL,143271961,2024-12,HS10,2710191102
10,"NEW YORK CITY, NY",1220,CANADA,DET,"NO2 & 3 FL OIL,DIESEL,LT=15 PPM S,GT=25,NT BIODSEL",478341,BBL,41825944,2024-12,HS10,2710191102
11,"PHILADELPHIA, PA",1220,CANADA,DET,"NO2 & 3 FL OIL,DIESEL,LT=15 PPM S,GT=25,NT BIODSEL",69128,BBL,4771128,2024-12,HS10,2710191102
16,"CHARLESTON, SC",1220,CANADA,DET,"NO2 & 3 FL OIL,DIESEL,LT=15 PPM S,GT=25,NT BIODSEL",311813,BBL,31173834,2024-12,HS10,2710191102
17,"SAVANNAH, GA",1220,CANADA,DET,"NO2 & 3 FL OIL,DIESEL,LT=15 PPM S,GT=25,NT BIODSEL",198083,BBL,19879391,2024-12,HS10,2710191102
20,"NEW ORLEANS, LA",1220,CANADA,DET,"NO2 & 3 FL OIL,DIESEL,LT=15 PPM S,GT=25,NT BIODSEL",50,BBL,4300,2024-12,HS10,2710191102
29,"COLUMBIA-SNAKE, OR",1220,CANADA,DET,"NO2 & 3 FL OIL,DIESEL,LT=15 PPM S,GT=25,NT BIODSEL",328528,BBL,34425936,2024-12,HS10,2710191102
30,"SEATTLE, WA",1220,CANADA,DET,"NO2 & 3 FL OIL,DIESEL,LT=15 PPM S,GT=25,NT BIODSEL",739890,BBL,67749234,2024-12,HS10,2710191102
31,"ANCHORAGE, AK",1220,CANADA,DET,"NO2 & 3 FL OIL,DIESEL,LT=15 PPM S,GT=25,NT BIODSEL",2672874,BBL,268300093,2024-12,HS10,2710191102
33,"GREAT FALLS, MT",1220,CANADA,DET,"NO2 & 3 FL OIL,DIESEL,LT=15 PPM S,GT=25,NT BIODSEL",4089531,BBL,342606433,2024-12,HS10,2710191102
34,"PEMBINA, ND",1220,CANADA,DET,"NO2 & 3 FL OIL,DIESEL,LT=15 PPM S,GT=25,NT BIODSEL",1203281,BBL,105519753,2024-12,HS10,2710191102
36,"DULUTH, MN",1220,CANADA,DET,"NO2 & 3 FL OIL,DIESEL,LT=15 PPM S,GT=25,NT BIODSEL",75660,BBL,5616493,2024-12,HS10,2710191102
37,"MILWAUKEE, WI",1220,CANADA,DET,"NO2 & 3 FL OIL,DIESEL,LT=15 PPM S,GT=25,NT BIODSEL",452865,BBL,42912687,2024-12,HS10,2710191102
38,"DETROIT, MI",1220,CANADA,DET,"NO2 & 3 FL OIL,DIESEL,LT=15 PPM S,GT=25,NT BIODSEL",551312,BBL,52286947,2024-12,HS10,2710191102
45,"ST. LOUIS, MO",1220,CANADA,DET,"NO2 & 3 FL OIL,DIESEL,LT=15 PPM S,GT=25,NT BIODSEL",0,BBL,0,2024-12,HS10,2710191102
49,"SAN JUAN, PR",1220,CANADA,DET,"NO2 & 3 FL OIL,DIESEL,LT=15 PPM S,GT=25,NT BIODSEL",2344344,BBL,226787775,2024-12,HS10,2710191102
01,"PORTLAND, ME",1XXX,NORTH AMERICA,CGP,"NO2 & 3 FL OIL,DIESEL,LT=15 PPM S,GT=25,NT BIODSEL",6059029,BBL,612987290,2024-12,HS10,2710191102
02,"ST. ALBANS, VT",1XXX,NORTH AMERICA,CGP,"NO2 & 3 FL OIL,DIESEL,LT=15 PPM S,GT=25,NT BIODSEL",1780641,BBL,189451721,2024-12,HS10,2710191102
04,"BOSTON, MA",1XXX,NORTH AMERICA,CGP,"NO2 & 3 FL OIL,DIESEL,LT=15 PPM S,GT=25,NT BIODSEL",9698081,BBL,957571381,2024-12,HS10,2710191102
05,"PROVIDENCE, RI",1XXX,NORTH AMERICA,CGP,"NO2 & 3 FL OIL,DIESEL,LT=15 PPM S,GT=25,NT BIODSEL",1234807,BBL,119305588,2024-12,HS10,2710191102
07,"OGDENSBURG, NY",1XXX,NORTH AMERICA,CGP,"NO2 & 3 FL OIL,DIESEL,LT=15 PPM S,GT=25,NT BIODSEL",880981,BBL,96580002,2024-12,HS10,2710191102
09,"BUFFALO, NY",1XXX,NORTH AMERICA,CGP,"NO2 & 3 FL OIL,DIESEL,LT=15 PPM S,GT=25,NT BIODSEL",1275106,BBL,143271961,2024-12,HS10,2710191102
10,"NEW YORK CITY, NY",1XXX,NORTH AMERICA,CGP,"NO2 & 3 FL OIL,DIESEL,LT=15 PPM S,GT=25,NT BIODSEL",478341,BBL,41825944,2024-12,HS10,2710191102
11,"PHILADELPHIA, PA",1XXX,NORTH AMERICA,CGP,"NO2 & 3 FL OIL,DIESEL,LT=15 PPM S,GT=25,NT BIODSEL",69128,BBL,4771128,2024-12,HS10,2710191102
16,"CHARLESTON, SC",1XXX,NORTH AMERICA,CGP,"NO2 & 3 FL OIL,DIESEL,LT=15 PPM S,GT=25,NT BIODSEL",311813,BBL,31173834,2024-12,HS10,2710191102
17,"SAVANNAH, GA",1XXX,NORTH AMERICA,CGP,"NO2 & 3 FL OIL,DIESEL,LT=15 PPM S,GT=25,NT BIODSEL",198083,BBL,19879391,2024-12,HS10,2710191102
20,"NEW ORLEANS, LA",1XXX,NORTH AMERICA,CGP,"NO2 & 3 FL OIL,DIESEL,LT=15 PPM S,GT=25,NT BIODSEL",50,BBL,4300,2024-12,HS10,2710191102
29,"COLUMBIA-SNAKE, OR",1XXX,NORTH AMERICA,CGP,"NO2 & 3 FL OIL,DIESEL,LT=15 PPM S,GT=25,NT BIODSEL",328528,BBL,34425936,2024-12,HS10,2710191102
30,"SEATTLE, WA",1XXX,NORTH AMERICA,CGP,"NO2 & 3 FL OIL,DIESEL,LT=15 PPM S,GT=25,NT BIODSEL",739890,BBL,67749234,2024-12,HS10,2710191102
31,"ANCHORAGE, AK",1XXX,NORTH AMERICA,CGP,"NO2 & 3 FL OIL,DIESEL,LT=15 PPM S,GT=25,NT BIODSEL",2672874,BBL,268300093,2024-12,HS10,2710191102
33,"GREAT FALLS, MT",1XXX,NORTH AMERICA,CGP,"NO2 & 3 FL OIL,DIESEL,LT=15 PPM S,GT=25,NT BIODSEL",4089531,BBL,342606433,2024-12,HS10,2710191102
34,"PEMBINA, ND",1XXX,NORTH AMERICA,CGP,"NO2 & 3 FL OIL,DIESEL,LT=15 PPM S,GT=25,NT BIODSEL",1203281,BBL,105519753,2024-12,HS10,2710191102
36,"DULUTH, MN",1XXX,NORTH AMERICA,CGP,"NO2 & 3 FL OIL,DIESEL,LT=15 PPM S,GT=25,NT BIODSEL",75660,BBL,5616493,2024-12,HS10,2710191102
37,"MILWAUKEE, WI",1XXX,NORTH AMERICA,CGP,"NO2 & 3 FL OIL,DIESEL,LT=15 PPM S,GT=25,NT BIODSEL",452865,BBL,42912687,2024-12,HS10,2710191102
38,"DETROIT, MI",1XXX,NORTH AMERICA,CGP,"NO2 & 3 FL OIL,DIESEL,LT=15 PPM S,GT=25,NT BIODSEL",551312,BBL,52286947,2024-12,HS10,2710191102
45,"ST. LOUIS, MO",1XXX,NORTH AMERICA,CGP,"NO2 & 3 FL OIL,DIESEL,LT=15 PPM S,GT=25,NT BIODSEL",0,BBL,0,2024-12,HS10,2710191102
49,"SAN JUAN, PR",1XXX,NORTH AMERICA,CGP,"NO2 & 3 FL OIL,DIESEL,LT=15 PPM S,GT=25,NT BIODSEL",2344344,BBL,226787775,2024-12,HS10,2710191102
53,"HOUSTON-GALVESTON, TX",1XXX,NORTH AMERICA,CGP,"NO2 & 3 FL OIL,DIESEL,LT=15 PPM S,GT=25,NT BIODSEL",0,BBL,0,2024-12,HS10,2710191102
49,"SAN JUAN, PR",2010,MEXICO,DET,"NO2 & 3 FL OIL,DIESEL,LT=15 PPM S,GT=25,NT BIODSEL",0,BBL,0,2024-12,HS10,2710191102
53,"HOUSTON-GALVESTON, TX",2010,MEXICO,DET,"NO2 & 3 FL OIL,DIESEL,LT=15 PPM S,GT=25,NT BIODSEL",0,BBL,0,2024-12,HS10,2710191102
18,"TAMPA, FL",3010,COLOMBIA,DET,"NO2 & 3 FL OIL,DIESEL,LT=15 PPM S,GT=25,NT BIODSEL",100309,BBL,10093049,2024-12,HS10,2710191102
49,"SAN JUAN, PR",3010,COLOMBIA,DET,"NO2 & 3 FL OIL,DIESEL,LT=15 PPM S,GT=25,NT BIODSEL",4078092,BBL,419903042,2024-12,HS10,2710191102
52,"MIAMI, FL",3010,COLOMBIA,DET,"NO2 & 3 FL OIL,DIESEL,LT=15 PPM S,GT=25,NT BIODSEL",50328,BBL,5520879,2024-12,HS10,2710191102
53,"HOUSTON-GALVESTON, TX",3070,VENEZUELA,DET,"NO2 & 3 FL OIL,DIESEL,LT=15 PPM S,GT=25,NT BIODSEL",0,BBL,0,2024-12,HS10,2710191102
27,"LOS ANGELES, CA",3120,GUYANA,DET,"NO2 & 3 FL OIL,DIESEL,LT=15 PPM S,GT=25,NT BIODSEL",0,BBL,0,2024-12,HS10,2710191102
27,"LOS ANGELES, CA",3510,BRAZIL,DET,"NO2 & 3 FL OIL,DIESEL,LT=15 PPM S,GT=25,NT BIODSEL",0,BBL,0,2024-12,HS10,2710191102
27,"LOS ANGELES, CA",3570,ARGENTINA,DET,"NO2 & 3 FL OIL,DIESEL,LT=15 PPM S,GT=25,NT BIODSEL",0,BBL,0,2024-12,HS10,2710191102
30,"SEATTLE, WA",3570,ARGENTINA,DET,"NO2 & 3 FL OIL,DIESEL,LT=15 PPM S,GT=25,NT BIODSEL",0,BBL,0,2024-12,HS10,2710191102
18,"TAMPA, FL",3XXX,SOUTH AMERICA,CGP,"NO2 & 3 FL OIL,DIESEL,LT=15 PPM S,GT=25,NT BIODSEL",100309,BBL,10093049,2024-12,HS10,2710191102
27,"LOS ANGELES, CA",3XXX,SOUTH AMERICA,CGP,"NO2 & 3 FL OIL,DIESEL,LT=15 PPM S,GT=25,NT BIODSEL",0,BBL,0,2024-12,HS10,2710191102
30,"SEATTLE, WA",3XXX,SOUTH AMERICA,CGP,"NO2 & 3 FL OIL,DIESEL,LT=15 PPM S,GT=25,NT BIODSEL",0,BBL,0,2024-12,HS10,2710191102
49,"SAN JUAN, PR",3XXX,SOUTH AMERICA,CGP,"NO2 & 3 FL OIL,DIESEL,LT=15 PPM S,GT=25,NT BIODSEL",4078092,BBL,419903042,2024-12,HS10,2710191102
52,"MIAMI, FL",3XXX,SOUTH AMERICA,CGP,"NO2 & 3 FL OIL,DIESEL,LT=15 PPM S,GT=25,NT BIODSEL",50328,BBL,5520879,2024-12,HS10,2710191102
53,"HOUSTON-GALVESTON, TX",3XXX,SOUTH AMERICA,CGP,"NO2 & 3 FL OIL,DIESEL,LT=15 PPM S,GT=25,NT BIODSEL",0,BBL,0,2024-12,HS10,2710191102
10,"NEW YORK CITY, NY",4120,UNITED KINGDOM,DET,"NO2 & 3 FL OIL,DIESEL,LT=15 PPM S,GT=25,NT BIODSEL",0,BBL,0,2024-12,HS10,2710191102
51,U.S. VIRGIN ISLANDS,4210,NETHERLANDS,DET,"NO2 & 3 FL OIL,DIESEL,LT=15 PPM S,GT=25,NT BIODSEL",82265,BBL,6859399,2024-12,HS10,2710191102
10,"NEW YORK CITY, NY",4279,FRANCE,DET,"NO2 & 3 FL OIL,DIESEL,LT=15 PPM S,GT=25,NT BIODSEL",3230,BBL,211237,2024-12,HS10,2710191102
49,"SAN JUAN, PR",4279,FRANCE,DET,"NO2 & 3 FL OIL,DIESEL,LT=15 PPM S,GT=25,NT BIODSEL",0,BBL,0,2024-12,HS10,2710191102
11,"PHILADELPHIA, PA",4634,KAZAKHSTAN,DET,"NO2 & 3 FL OIL,DIESEL,LT=15 PPM S,GT=25,NT BIODSEL",0,BBL,0,2024-12,HS10,2710191102
10,"NEW YORK CITY, NY",4XXX,EUROPE,CGP,"NO2 & 3 FL OIL,DIESEL,LT=15 PPM S,GT=25,NT BIODSEL",3230,BBL,211237,2024-12,HS10,2710191102
11,"PHILADELPHIA, PA",4XXX,EUROPE,CGP,"NO2 & 3 FL OIL,DIESEL,LT=15 PPM S,GT=25,NT BIODSEL",0,BBL,0,2024-12,HS10,2710191102
49,"SAN JUAN, PR",4XXX,EUROPE,CGP,"NO2 & 3 FL OIL,DIESEL,LT=15 PPM S,GT=25,NT BIODSEL",0,BBL,0,2024-12,HS10,2710191102
51,U.S. VIRGIN ISLANDS,4XXX,EUROPE,CGP,"NO2 & 3 FL OIL,DIESEL,LT=15 PPM S,GT=25,NT BIODSEL",82265,BBL,6859399,2024-12,HS10,2710191102
27,"LOS ANGELES, CA",5050,IRAQ,DET,"NO2 & 3 FL OIL,DIESEL,LT=15 PPM S,GT=25,NT BIODSEL",0,BBL,0,2024-12,HS10,2710191102
11,"PHILADELPHIA, PA",5170,SAUDI ARABIA,DET,"NO2 & 3 FL OIL,DIESEL,LT=15 PPM S,GT=25,NT BIODSEL",0,BBL,0,2024-12,HS10,2710191102
28,"SAN FRANCISCO, CA",5200,UNITED ARAB EMIRATES,DET,"NO2 & 3 FL OIL,DIESEL,LT=15 PPM S,GT=25,NT BIODSEL",0,BBL,0,2024-12,HS10,2710191102
49,"SAN JUAN, PR",5330,INDIA,DET,"NO2 & 3 FL OIL,DIESEL,LT=15 PPM S,GT=25,NT BIODSEL",0,BBL,0,2024-12,HS10,2710191102
31,"ANCHORAGE, AK",5800,"KOREA, SOUTH",DET,"NO2 & 3 FL OIL,DIESEL,LT=15 PPM S,GT=25,NT BIODSEL",170096,BBL,18784178,2024-12,HS10,2710191102
32,"HONOLULU, HI",5800,"KOREA, SOUTH",DET,"NO2 & 3 FL OIL,DIESEL,LT=15 PPM S,GT=25,NT BIODSEL",784055,BBL,76041015,2024-12,HS10,2710191102
11,"PHILADELPHIA, PA",5XXX,ASIA,CGP,"NO2 & 3 FL OIL,DIESEL,LT=15 PPM S,GT=25,NT BIODSEL",0,BBL,0,2024-12,HS10,2710191102
27,"LOS ANGELES, CA",5XXX,ASIA,CGP,"NO2 & 3 FL OIL,DIESEL,LT=15 PPM S,GT=25,NT BIODSEL",0,BBL,0,2024-12,HS10,2710191102
28,"SAN FRANCISCO, CA",5XXX,ASIA,CGP,"NO2 & 3 FL OIL,DIESEL,LT=15 PPM S,GT=25,NT BIODSEL",0,BBL,0,2024-12,HS10,2710191102
31,"ANCHORAGE, AK",5XXX,ASIA,CGP,"NO2 & 3 FL OIL,DIESEL,LT=15 PPM S,GT=25,NT BIODSEL",170096,BBL,18784178,2024-12,HS10,2710191102
32,"HONOLULU, HI",5XXX,ASIA,CGP,"NO2 & 3 FL OIL,DIESEL,LT=15 PPM S,GT=25,NT BIODSEL",784055,BBL,76041015,2024-12,HS10,2710191102
49,"SAN JUAN, PR",5XXX,ASIA,CGP,"NO2 & 3 FL OIL,DIESEL,LT=15 PPM S,GT=25,NT BIODSEL",0,BBL,0,2024-12,HS10,2710191102
11,"PHILADELPHIA, PA",7210,ALGERIA,DET,"NO2 & 3 FL OIL,DIESEL,LT=15 PPM S,GT=25,NT BIODSEL",0,BBL,0,2024-12,HS10,2710191102
10,"NEW YORK CITY, NY",7250,LIBYA,DET,"NO2 & 3 FL OIL,DIESEL,LT=15 PPM S,GT=25,NT BIODSEL",0,BBL,0,2024-12,HS10,2710191102
10,"NEW YORK CITY, NY",7490,GHANA,DET,"NO2 & 3 FL OIL,DIESEL,LT=15 PPM S,GT=25,NT BIODSEL",0,BBL,0,2024-12,HS10,2710191102
10,"NEW YORK CITY, NY",7530,NIGERIA,DET,"NO2 & 3 FL OIL,DIESEL,LT=15 PPM S,GT=25,NT BIODSEL",0,BBL,0,2024-12,HS10,2710191102
27,"LOS ANGELES, CA",7530,NIGERIA,DET,"NO2 & 3 FL OIL,DIESEL,LT=15 PPM S,GT=25,NT BIODSEL",0,BBL,0,2024-12,HS10,2710191102
10,"NEW YORK CITY, NY",7620,ANGOLA,DET,"NO2 & 3 FL OIL,DIESEL,LT=15 PPM S,GT=25,NT BIODSEL",0,BBL,0,2024-12,HS10,2710191102
10,"NEW YORK CITY, NY",7630,CONGO,DET,"NO2 & 3 FL OIL,DIESEL,LT=15 PPM S,GT=25,NT BIODSEL",0,BBL,0,2024-12,HS10,2710191102
10,"NEW YORK CITY, NY",7XXX,AFRICA,CGP,"NO2 & 3 FL OIL,DIESEL,LT=15 PPM S,GT=25,NT BIODSEL",0,BBL,0,2024-12,HS10,2710191102
11,"PHILADELPHIA, PA",7XXX,AFRICA,CGP,"NO2 & 3 FL OIL,DIESEL,LT=15 PPM S,GT=25,NT BIODSEL",0,BBL,0,2024-12,HS10,2710191102
27,"LOS ANGELES, CA",7XXX,AFRICA,CGP,"NO2 & 3 FL OIL,DIESEL,LT=15 PPM S,GT=25,NT BIODSEL",0,BBL,0,2024-12,HS10,2710191102
01,"PORTLAND, ME",-,TOTAL FOR ALL COUNTRIES,DET,"NO2 & 3 FL OIL,DIESEL,LT=15 PPM S,GT=25,NT BIODSEL",6059029,BBL,612987290,2024-12,HS10,2710191102
02,"ST. ALBANS, VT",-,TOTAL FOR ALL COUNTRIES,DET,"NO2 & 3 FL OIL,DIESEL,LT=15 PPM S,GT=25,NT BIODSEL",1780641,BBL,189451721,2024-12,HS10,2710191102
04,"BOSTON, MA",-,TOTAL FOR ALL COUNTRIES,DET,"NO2 & 3 FL OIL,DIESEL,LT=15 PPM S,GT=25,NT BIODSEL",9698081,BBL,957571381,2024-12,HS10,2710191102
05,"PROVIDENCE, RI",-,TOTAL FOR ALL COUNTRIES,DET,"NO2 & 3 FL OIL,DIESEL,LT=15 PPM S,GT=25,NT BIODSEL",1234807,BBL,119305588,2024-12,HS10,2710191102
07,"OGDENSBURG, NY",-,TOTAL FOR ALL COUNTRIES,DET,"NO2 & 3 FL OIL,DIESEL,LT=15 PPM S,GT=25,NT BIODSEL",880981,BBL,96580002,2024-12,HS10,2710191102
09,"BUFFALO, NY",-,TOTAL FOR ALL COUNTRIES,DET,"NO2 & 3 FL OIL,DIESEL,LT=15 PPM S,GT=25,NT BIODSEL",1275106,BBL,143271961,2024-12,HS10,2710191102
10,"NEW YORK CITY, NY",-,TOTAL FOR ALL COUNTRIES,DET,"NO2 & 3 FL OIL,DIESEL,LT=15 PPM S,GT=25,NT BIODSEL",481571,BBL,42037181,2024-12,HS10,2710191102
11,"PHILADELPHIA, PA",-,TOTAL FOR ALL COUNTRIES,DET,"NO2 & 3 FL OIL,DIESEL,LT=15 PPM S,GT=25,NT BIODSEL",69128,BBL,4771128,2024-12,HS10,2710191102
16,"CHARLESTON, SC",-,TOTAL FOR ALL COUNTRIES,DET,"NO2 & 3 FL OIL,DIESEL,LT=15 PPM S,GT=25,NT BIODSEL",311813,BBL,31173834,2024-12,HS10,2710191102
17,"SAVANNAH, GA",-,TOTAL FOR ALL COUNTRIES,DET,"NO2 & 3 FL OIL,DIESEL,LT=15 PPM S,GT=25,NT BIODSEL",198083,BBL,19879391,2024-12,HS10,2710191102
18,"TAMPA, FL",-,TOTAL FOR ALL COUNTRIES,DET,"NO2 & 3 FL OIL,DIESEL,LT=15 PPM S,GT=25,NT BIODSEL",100309,BBL,10093049,2024-12,HS10,2710191102
20,"NEW ORLEANS, LA",-,TOTAL FOR ALL COUNTRIES,DET,"NO2 & 3 FL OIL,DIESEL,LT=15 PPM S,GT=25,NT BIODSEL",50,BBL,4300,2024-12,HS10,2710191102
27,"LOS ANGELES, CA",-,TOTAL FOR ALL COUNTRIES,DET,"NO2 & 3 FL OIL,DIESEL,LT=15 PPM S,GT=25,NT BIODSEL",0,BBL,0,2024-12,HS10,2710191102
28,"SAN FRANCISCO, CA",-,TOTAL FOR ALL COUNTRIES,DET,"NO2 & 3 FL OIL,DIESEL,LT=15 PPM S,GT=25,NT BIODSEL",0,BBL,0,2024-12,HS10,2710191102
29,"COLUMBIA-SNAKE, OR",-,TOTAL FOR ALL COUNTRIES,DET,"NO2 & 3 FL OIL,DIESEL,LT=15 PPM S,GT=25,NT BIODSEL",328528,BBL,34425936,2024-12,HS10,2710191102
30,"SEATTLE, WA",-,TOTAL FOR ALL COUNTRIES,DET,"NO2 & 3 FL OIL,DIESEL,LT=15 PPM S,GT=25,NT BIODSEL",739890,BBL,67749234,2024-12,HS10,2710191102
31,"ANCHORAGE, AK",-,TOTAL FOR ALL COUNTRIES,DET,"NO2 & 3 FL OIL,DIESEL,LT=15 PPM S,GT=25,NT BIODSEL",2842970,BBL,287084271,2024-12,HS10,2710191102
32,"HONOLULU, HI",-,TOTAL FOR ALL COUNTRIES,DET,"NO2 & 3 FL OIL,DIESEL,LT=15 PPM S,GT=25,NT BIODSEL",784055,BBL,76041015,2024-12,HS10,2710191102
33,"GREAT FALLS, MT",-,TOTAL FOR ALL COUNTRIES,DET,"NO2 & 3 FL OIL,DIESEL,LT=15 PPM S,GT=25,NT BIODSEL",4089531,BBL,342606433,2024-12,HS10,2710191102
34,"PEMBINA, ND",-,TOTAL FOR ALL COUNTRIES,DET,"NO2 & 3 FL OIL,DIESEL,LT=15 PPM S,GT=25,NT BIODSEL",1203281,BBL,105519753,2024-12,HS10,2710191102
36,"DULUTH, MN",-,TOTAL FOR ALL COUNTRIES,DET,"NO2 & 3 FL OIL,DIESEL,LT=15 PPM S,GT=25,NT BIODSEL",75660,BBL,5616493,2024-12,HS10,2710191102
37,"MILWAUKEE, WI",-,TOTAL FOR ALL COUNTRIES,DET,"NO2 & 3 FL OIL,DIESEL,LT=15 PPM S,GT=25,NT BIODSEL",452865,BBL,42912687,2024-12,HS10,2710191102
38,"DETROIT, MI",-,TOTAL FOR ALL COUNTRIES,DET,"NO2 & 3 FL OIL,DIESEL,LT=15 PPM S,GT=25,NT BIODSEL",551312,BBL,52286947,2024-12,HS10,2710191102
45,"ST. LOUIS, MO",-,TOTAL FOR ALL COUNTRIES,DET,"NO2 & 3 FL OIL,DIESEL,LT=15 PPM S,GT=25,NT BIODSEL",0,BBL,0,2024-12,HS10,2710191102
49,"SAN JUAN, PR",-,TOTAL FOR ALL COUNTRIES,DET,"NO2 & 3 FL OIL,DIESEL,LT=15 PPM S,GT=25,NT BIODSEL",6422436,BBL,646690817,2024-12,HS10,2710191102
51,U.S. VIRGIN ISLANDS,-,TOTAL FOR ALL COUNTRIES,DET,"NO2 & 3 FL OIL,DIESEL,LT=15 PPM S,GT=25,NT BIODSEL",82265,BBL,6859399,2024-12,HS10,2710191102
52,"MIAMI, FL",-,TOTAL FOR ALL COUNTRIES,DET,"NO2 & 3 FL OIL,DIESEL,LT=15 PPM S,GT=25,NT BIODSEL",50328,BBL,5520879,2024-12,HS10,2710191102
53,"HOUSTON-GALVESTON, TX",-,TOTAL FOR ALL COUNTRIES,DET,"NO2 & 3 FL OIL,DIESEL,LT=15 PPM S,GT=25,NT BIODSEL",0,BBL,0,2024-12,HS10,2710191102
-,TOTAL FOR ALL DISTRICTS,-,TOTAL FOR ALL COUNTRIES,DET,"NO2 & 3 FL OIL,DIESEL,15-500 PPM S,GT=25,NT BIODSL",618106,BBL,63123889,2024-12,HS10,2710191103
-,TOTAL FOR ALL DISTRICTS,0017,CAFTA-DR,CGP,"NO2 & 3 FL OIL,DIESEL,15-500 PPM S,GT=25,NT BIODSL",0,BBL,0,2024-12,HS10,2710191103
-,TOTAL FOR ALL DISTRICTS,0020,USMCA (NAFTA),CGP,"NO2 & 3 FL OIL,DIESEL,15-500 PPM S,GT=25,NT BIODSL",332913,BBL,35410540,2024-12,HS10,2710191103
-,TOTAL FOR ALL DISTRICTS,0021,TWENTY LATIN AMERICAN REPUBLICS,CGP,"NO2 & 3 FL OIL,DIESEL,15-500 PPM S,GT=25,NT BIODSL",618106,BBL,63123889,2024-12,HS10,2710191103
-,TOTAL FOR ALL DISTRICTS,0022,OECD,CGP,"NO2 & 3 FL OIL,DIESEL,15-500 PPM S,GT=25,NT BIODSL",450103,BBL,46336591,2024-12,HS10,2710191103
-,TOTAL FOR ALL DISTRICTS,0024,LAFTA,CGP,"NO2 & 3 FL OIL,DIESEL,15-500 PPM S,GT=25,NT BIODSL",618106,BBL,63123889,2024-12,HS10,2710191103
-,TOTAL FOR ALL DISTRICTS,0026,APEC,CGP,"NO2 & 3 FL OIL,DIESEL,15-500 PPM S,GT=25,NT BIODSL",332913,BBL,35410540,2024-12,HS10,2710191103
-,TOTAL FOR ALL DISTRICTS,0028,CACM,CGP,"NO2 & 3 FL OIL,DIESEL,15-500 PPM S,GT=25,NT BIODSL",0,BBL,0,2024-12,HS10,2710191103
-,TOTAL FOR ALL DISTRICTS,1XXX,NORTH AMERICA,CGP,"NO2 & 3 FL OIL,DIESEL,15-500 PPM S,GT=25,NT BIODSL",332913,BBL,35410540,2024-12,HS10,2710191103
-,TOTAL FOR ALL DISTRICTS,2010,MEXICO,DET,"NO2 & 3 FL OIL,DIESEL,15-500 PPM S,GT=25,NT BIODSL",332913,BBL,35410540,2024-12,HS10,2710191103
-,TOTAL FOR ALL DISTRICTS,2050,GUATEMALA,DET,"NO2 & 3 FL OIL,DIESEL,15-500 PPM S,GT=25,NT BIODSL",0,BBL,0,2024-12,HS10,2710191103
-,TOTAL FOR ALL DISTRICTS,2XXX,CENTRAL AMERICA,CGP,"NO2 & 3 FL OIL,DIESEL,15-500 PPM S,GT=25,NT BIODSL",0,BBL,0,2024-12,HS10,2710191103
-,TOTAL FOR ALL DISTRICTS,3010,COLOMBIA,DET,"NO2 & 3 FL OIL,DIESEL,15-500 PPM S,GT=25,NT BIODSL",117190,BBL,10926051,2024-12,HS10,2710191103
-,TOTAL FOR ALL DISTRICTS,3120,GUYANA,DET,"NO2 & 3 FL OIL,DIESEL,15-500 PPM S,GT=25,NT BIODSL",0,BBL,0,2024-12,HS10,2710191103
-,TOTAL FOR ALL DISTRICTS,3510,BRAZIL,DET,"NO2 & 3 FL OIL,DIESEL,15-500 PPM S,GT=25,NT BIODSL",168003,BBL,16787298,2024-12,HS10,2710191103
-,TOTAL FOR ALL DISTRICTS,3570,ARGENTINA,DET,"NO2 & 3 FL OIL,DIESEL,15-500 PPM S,GT=25,NT BIODSL",0,BBL,0,2024-12,HS10,2710191103
-,TOTAL FOR ALL DISTRICTS,3XXX,SOUTH AMERICA,CGP,"NO2 & 3 FL OIL,DIESEL,15-500 PPM S,GT=25,NT BIODSL",285193,BBL,27713349,2024-12,HS10,2710191103
-,TOTAL FOR ALL DISTRICTS,5050,IRAQ,DET,"NO2 & 3 FL OIL,DIESEL,15-500 PPM S,GT=25,NT BIODSL",0,BBL,0,2024-12,HS10,2710191103
-,TOTAL FOR ALL DISTRICTS,5XXX,ASIA,CGP,"NO2 & 3 FL OIL,DIESEL,15-500 PPM S,GT=25,NT BIODSL",0,BBL,0,2024-12,HS10,2710191103
53,"HOUSTON-GALVESTON, TX",0017,CAFTA-DR,CGP,"NO2 & 3 FL OIL,DIESEL,15-500 PPM S,GT=25,NT BIODSL",0,BBL,0,2024-12,HS10,2710191103
10,"NEW YORK CITY, NY",0020,USMCA (NAFTA),CGP,"NO2 & 3 FL OIL,DIESEL,15-500 PPM S,GT=25,NT BIODSL",160793,BBL,18336206,2024-12,HS10,2710191103
18,"TAMPA, FL",0020,USMCA (NAFTA),CGP,"NO2 & 3 FL OIL,DIESEL,15-500 PPM S,GT=25,NT BIODSL",172120,BBL,17074334,2024-12,HS10,2710191103
10,"NEW YORK CITY, NY",0021,TWENTY LATIN AMERICAN REPUBLICS,CGP,"NO2 & 3 FL OIL,DIESEL,15-500 PPM S,GT=25,NT BIODSL",160793,BBL,18336206,2024-12,HS10,2710191103
18,"TAMPA, FL",0021,TWENTY LATIN AMERICAN REPUBLICS,CGP,"NO2 & 3 FL OIL,DIESEL,15-500 PPM S,GT=25,NT BIODSL",172120,BBL,17074334,2024-12,HS10,2710191103
27,"LOS ANGELES, CA",0021,TWENTY LATIN AMERICAN REPUBLICS,CGP,"NO2 & 3 FL OIL,DIESEL,15-500 PPM S,GT=25,NT BIODSL",0,BBL,0,2024-12,HS10,2710191103
49,"SAN JUAN, PR",0021,TWENTY LATIN AMERICAN REPUBLICS,CGP,"NO2 & 3 FL OIL,DIESEL,15-500 PPM S,GT=25,NT BIODSL",95093,BBL,9208195,2024-12,HS10,2710191103
53,"HOUSTON-GALVESTON, TX",0021,TWENTY LATIN AMERICAN REPUBLICS,CGP,"NO2 & 3 FL OIL,DIESEL,15-500 PPM S,GT=25,NT BIODSL",190100,BBL,18505154,2024-12,HS10,2710191103
10,"NEW YORK CITY, NY",0022,OECD,CGP,"NO2 & 3 FL OIL,DIESEL,15-500 PPM S,GT=25,NT BIODSL",160793,BBL,18336206,2024-12,HS10,2710191103
18,"TAMPA, FL",0022,OECD,CGP,"NO2 & 3 FL OIL,DIESEL,15-500 PPM S,GT=25,NT BIODSL",172120,BBL,17074334,2024-12,HS10,2710191103
49,"SAN JUAN, PR",0022,OECD,CGP,"NO2 & 3 FL OIL,DIESEL,15-500 PPM S,GT=25,NT BIODSL",95093,BBL,9208195,2024-12,HS10,2710191103
53,"HOUSTON-GALVESTON, TX",0022,OECD,CGP,"NO2 & 3 FL OIL,DIESEL,15-500 PPM S,GT=25,NT BIODSL",22097,BBL,1717856,2024-12,HS10,2710191103
10,"NEW YORK CITY, NY",0024,LAFTA,CGP,"NO2 & 3 FL OIL,DIESEL,15-500 PPM S,GT=25,NT BIODSL",160793,BBL,18336206,2024-12,HS10,2710191103
18,"TAMPA, FL",0024,LAFTA,CGP,"NO2 & 3 FL OIL,DIESEL,15-500 PPM S,GT=25,NT BIODSL",172120,BBL,17074334,2024-12,HS10,2710191103
27,"LOS ANGELES, CA",0024,LAFTA,CGP,"NO2 & 3 FL OIL,DIESEL,15-500 PPM S,GT=25,NT BIODSL",0,BBL,0,2024-12,HS10,2710191103
49,"SAN JUAN, PR",0024,LAFTA,CGP,"NO2 & 3 FL OIL,DIESEL,15-500 PPM S,GT=25,NT BIODSL",95093,BBL,9208195,2024-12,HS10,2710191103
53,"HOUSTON-GALVESTON, TX",0024,LAFTA,CGP,"NO2 & 3 FL OIL,DIESEL,15-500 PPM S,GT=25,NT BIODSL",190100,BBL,18505154,2024-12,HS10,2710191103
10,"NEW YORK CITY, NY",0026,APEC,CGP,"NO2 & 3 FL OIL,DIESEL,15-500 PPM S,GT=25,NT BIODSL",160793,BBL,18336206,2024-12,HS10,2710191103
18,"TAMPA, FL",0026,APEC,CGP,"NO2 & 3 FL OIL,DIESEL,15-500 PPM S,GT=25,NT BIODSL",172120,BBL,17074334,2024-12,HS10,2710191103
53,"HOUSTON-GALVESTON, TX",0028,CACM,CGP,"NO2 & 3 FL OIL,DIESEL,15-500 PPM S,GT=25,NT BIODSL",0,BBL,0,2024-12,HS10,2710191103
10,"NEW YORK CITY, NY",1XXX,NORTH AMERICA,CGP,"NO2 & 3 FL OIL,DIESEL,15-500 PPM S,GT=25,NT BIODSL",160793,BBL,18336206,2024-12,HS10,2710191103
18,"TAMPA, FL",1XXX,NORTH AMERICA,CGP,"NO2 & 3 FL OIL,DIESEL,15-500 PPM S,GT=25,NT BIODSL",172120,BBL,17074334,2024-12,HS10,2710191103
10,"NEW YORK CITY, NY",2010,MEXICO,DET,"NO2 & 3 FL OIL,DIESEL,15-500 PPM S,GT=25,NT BIODSL",160793,BBL,18336206,2024-12,HS10,2710191103
18,"TAMPA, FL",2010,MEXICO,DET,"NO2 & 3 FL OIL,DIESEL,15-500 PPM S,GT=25,NT BIODSL",172120,BBL,17074334,2024-12,HS10,2710191103
53,"HOUSTON-GALVESTON, TX",2050,GUATEMALA,DET,"NO2 & 3 FL OIL,DIESEL,15-500 PPM S,GT=25,NT BIODSL",0,BBL,0,2024-12,HS10,2710191103
53,"HOUSTON-GALVESTON, TX",2XXX,CENTRAL AMERICA,CGP,"NO2 & 3 FL OIL,DIESEL,15-500 PPM S,GT=25,NT BIODSL",0,BBL,0,2024-12,HS10,2710191103
49,"SAN JUAN, PR",3010,COLOMBIA,DET,"NO2 & 3 FL OIL,DIESEL,15-500 PPM S,GT=25,NT BIODSL",95093,BBL,9208195,2024-12,HS10,2710191103
53,"HOUSTON-GALVESTON, TX",3010,COLOMBIA,DET,"NO2 & 3 FL OIL,DIESEL,15-500 PPM S,GT=25,NT BIODSL",22097,BBL,1717856,2024-12,HS10,2710191103
27,"LOS ANGELES, CA",3120,GUYANA,DET,"NO2 & 3 FL OIL,DIESEL,15-500 PPM S,GT=25,NT BIODSL",0,BBL,0,2024-12,HS10,2710191103
27,"LOS ANGELES, CA",3510,BRAZIL,DET,"NO2 & 3 FL OIL,DIESEL,15-500 PPM S,GT=25,NT BIODSL",0,BBL,0,2024-12,HS10,2710191103
53,"HOUSTON-GALVESTON, TX",3510,BRAZIL,DET,"NO2 & 3 FL OIL,DIESEL,15-500 PPM S,GT=25,NT BIODSL",168003,BBL,16787298,2024-12,HS10,2710191103
27,"LOS ANGELES, CA",3570,ARGENTINA,DET,"NO2 & 3 FL OIL,DIESEL,15-500 PPM S,GT=25,NT BIODSL",0,BBL,0,2024-12,HS10,2710191103
27,"LOS ANGELES, CA",3XXX,SOUTH AMERICA,CGP,"NO2 & 3 FL OIL,DIESEL,15-500 PPM S,GT=25,NT BIODSL",0,BBL,0,2024-12,HS10,2710191103
49,"SAN JUAN, PR",3XXX,SOUTH AMERICA,CGP,"NO2 & 3 FL OIL,DIESEL,15-500 PPM S,GT=25,NT BIODSL",95093,BBL,9208195,2024-12,HS10,2710191103
53,"HOUSTON-GALVESTON, TX",3XXX,SOUTH AMERICA,CGP,"NO2 & 3 FL OIL,DIESEL,15-500 PPM S,GT=25,NT BIODSL",190100,BBL,18505154,2024-12,HS10,2710191103
27,"LOS ANGELES, CA",5050,IRAQ,DET,"NO2 & 3 FL OIL,DIESEL,15-500 PPM S,GT=25,NT BIODSL",0,BBL,0,2024-12,HS10,2710191103
27,"LOS ANGELES, CA",5XXX,ASIA,CGP,"NO2 & 3 FL OIL,DIESEL,15-500 PPM S,GT=25,NT BIODSL",0,BBL,0,2024-12,HS10,2710191103
10,"NEW YORK CITY, NY",-,TOTAL FOR ALL COUNTRIES,DET,"NO2 & 3 FL OIL,DIESEL,15-500 PPM S,GT=25,NT BIODSL",160793,BBL,18336206,2024-12,HS10,2710191103
18,"TAMPA, FL",-,TOTAL FOR ALL COUNTRIES,DET,"NO2 & 3 FL OIL,DIESEL,15-500 PPM S,GT=25,NT BIODSL",172120,BBL,17074334,2024-12,HS10,2710191103
27,"LOS ANGELES, CA",-,TOTAL FOR ALL COUNTRIES,DET,"NO2 & 3 FL OIL,DIESEL,15-500 PPM S,GT=25,NT BIODSL",0,BBL,0,2024-12,HS10,2710191103
49,"SAN JUAN, PR",-,TOTAL FOR ALL COUNTRIES,DET,"NO2 & 3 FL OIL,DIESEL,15-500 PPM S,GT=25,NT BIODSL",95093,BBL,9208195,2024-12,HS10,2710191103
53,"HOUSTON-GALVESTON, TX",-,TOTAL FOR ALL COUNTRIES,DET,"NO2 & 3 FL OIL,DIESEL,15-500 PPM S,GT=25,NT BIODSL",190100,BBL,18505154,2024-12,HS10,2710191103
-,TOTAL FOR ALL DISTRICTS,-,TOTAL FOR ALL COUNTRIES,DET,"NO2 & 3 FL OIL,DIESEL,GT=500 PPM S,GT=25,NT BIODSL",57,BBL,9527,2024-12,HS10,2710191104
-,TOTAL FOR ALL DISTRICTS,0020,USMCA (NAFTA),CGP,"NO2 & 3 FL OIL,DIESEL,GT=500 PPM S,GT=25,NT BIODSL",57,BBL,9527,2024-12,HS10,2710191104
-,TOTAL FOR ALL DISTRICTS,0022,OECD,CGP,"NO2 & 3 FL OIL,DIESEL,GT=500 PPM S,GT=25,NT BIODSL",57,BBL,9527,2024-12,HS10,2710191104
-,TOTAL FOR ALL DISTRICTS,0023,NATO,CGP,"NO2 & 3 FL OIL,DIESEL,GT=500 PPM S,GT=25,NT BIODSL",57,BBL,9527,2024-12,HS10,2710191104
-,TOTAL FOR ALL DISTRICTS,0026,APEC,CGP,"NO2 & 3 FL OIL,DIESEL,GT=500 PPM S,GT=25,NT BIODSL",57,BBL,9527,2024-12,HS10,2710191104
-,TOTAL FOR ALL DISTRICTS,1220,CANADA,DET,"NO2 & 3 FL OIL,DIESEL,GT=500 PPM S,GT=25,NT BIODSL",57,BBL,9527,2024-12,HS10,2710191104
-,TOTAL FOR ALL DISTRICTS,1XXX,NORTH AMERICA,CGP,"NO2 & 3 FL OIL,DIESEL,GT=500 PPM S,GT=25,NT BIODSL",57,BBL,9527,2024-12,HS10,2710191104
53,"HOUSTON-GALVESTON, TX",0020,USMCA (NAFTA),CGP,"NO2 & 3 FL OIL,DIESEL,GT=500 PPM S,GT=25,NT BIODSL",57,BBL,9527,2024-12,HS10,2710191104
53,"HOUSTON-GALVESTON, TX",0022,OECD,CGP,"NO2 & 3 FL OIL,DIESEL,GT=500 PPM S,GT=25,NT BIODSL",57,BBL,9527,2024-12,HS10,2710191104
53,"HOUSTON-GALVESTON, TX",0023,NATO,CGP,"NO2 & 3 FL OIL,DIESEL,GT=500 PPM S,GT=25,NT BIODSL",57,BBL,9527,2024-12,HS10,2710191104
53,"HOUSTON-GALVESTON, TX",0026,APEC,CGP,"NO2 & 3 FL OIL,DIESEL,GT=500 PPM S,GT=25,NT BIODSL",57,BBL,9527,2024-12,HS10,2710191104
53,"HOUSTON-GALVESTON, TX",1220,CANADA,DET,"NO2 & 3 FL OIL,DIESEL,GT=500 PPM S,GT=25,NT BIODSL",57,BBL,9527,2024-12,HS10,2710191104
53,"HOUSTON-GALVESTON, TX",1XXX,NORTH AMERICA,CGP,"NO2 & 3 FL OIL,DIESEL,GT=500 PPM S,GT=25,NT BIODSL",57,BBL,9527,2024-12,HS10,2710191104
53,"HOUSTON-GALVESTON, TX",-,TOTAL FOR ALL COUNTRIES,DET,"NO2 & 3 FL OIL,DIESEL,GT=500 PPM S,GT=25,NT BIODSL",57,BBL,9527,2024-12,HS10,2710191104
-,TOTAL FOR ALL DISTRICTS,-,TOTAL FOR ALL COUNTRIES,DET,"NO 2 & 3 FL OIL,LT=15 PPM S,GT=25,NT BIODSEL,NESOI",18786865,BBL,1890284604,2024-12,HS10,2710191105
-,TOTAL FOR ALL DISTRICTS,0020,USMCA (NAFTA),CGP,"NO 2 & 3 FL OIL,LT=15 PPM S,GT=25,NT BIODSEL,NESOI",18538596,BBL,1865037764,2024-12,HS10,2710191105
-,TOTAL FOR ALL DISTRICTS,0021,TWENTY LATIN AMERICAN REPUBLICS,CGP,"NO 2 & 3 FL OIL,LT=15 PPM S,GT=25,NT BIODSEL,NESOI",248268,BBL,25244243,2024-12,HS10,2710191105
-,TOTAL FOR ALL DISTRICTS,0022,OECD,CGP,"NO 2 & 3 FL OIL,LT=15 PPM S,GT=25,NT BIODSEL,NESOI",18786865,BBL,1890284604,2024-12,HS10,2710191105
-,TOTAL FOR ALL DISTRICTS,0023,NATO,CGP,"NO 2 & 3 FL OIL,LT=15 PPM S,GT=25,NT BIODSEL,NESOI",18538597,BBL,1865040361,2024-12,HS10,2710191105
-,TOTAL FOR ALL DISTRICTS,0024,LAFTA,CGP,"NO 2 & 3 FL OIL,LT=15 PPM S,GT=25,NT BIODSEL,NESOI",248268,BBL,25244243,2024-12,HS10,2710191105
-,TOTAL FOR ALL DISTRICTS,0026,APEC,CGP,"NO 2 & 3 FL OIL,LT=15 PPM S,GT=25,NT BIODSEL,NESOI",18538596,BBL,1865037764,2024-12,HS10,2710191105
-,TOTAL FOR ALL DISTRICTS,1220,CANADA,DET,"NO 2 & 3 FL OIL,LT=15 PPM S,GT=25,NT BIODSEL,NESOI",18538596,BBL,1865037764,2024-12,HS10,2710191105
-,TOTAL FOR ALL DISTRICTS,1XXX,NORTH AMERICA,CGP,"NO 2 & 3 FL OIL,LT=15 PPM S,GT=25,NT BIODSEL,NESOI",18538596,BBL,1865037764,2024-12,HS10,2710191105
-,TOTAL FOR ALL DISTRICTS,3010,COLOMBIA,DET,"NO 2 & 3 FL OIL,LT=15 PPM S,GT=25,NT BIODSEL,NESOI",248268,BBL,25244243,2024-12,HS10,2710191105
-,TOTAL FOR ALL DISTRICTS,3XXX,SOUTH AMERICA,CGP,"NO 2 & 3 FL OIL,LT=15 PPM S,GT=25,NT BIODSEL,NESOI",248268,BBL,25244243,2024-12,HS10,2710191105
-,TOTAL FOR ALL DISTRICTS,4120,UNITED KINGDOM,DET,"NO 2 & 3 FL OIL,LT=15 PPM S,GT=25,NT BIODSEL,NESOI",1,BBL,2597,2024-12,HS10,2710191105
-,TOTAL FOR ALL DISTRICTS,4XXX,EUROPE,CGP,"NO 2 & 3 FL OIL,LT=15 PPM S,GT=25,NT BIODSEL,NESOI",1,BBL,2597,2024-12,HS10,2710191105
01,"PORTLAND, ME",0020,USMCA (NAFTA),CGP,"NO 2 & 3 FL OIL,LT=15 PPM S,GT=25,NT BIODSEL,NESOI",7918750,BBL,796965686,2024-12,HS10,2710191105
04,"BOSTON, MA",0020,USMCA (NAFTA),CGP,"NO 2 & 3 FL OIL,LT=15 PPM S,GT=25,NT BIODSEL,NESOI",7557743,BBL,757490660,2024-12,HS10,2710191105
05,"PROVIDENCE, RI",0020,USMCA (NAFTA),CGP,"NO 2 & 3 FL OIL,LT=15 PPM S,GT=25,NT BIODSEL,NESOI",1328958,BBL,126668322,2024-12,HS10,2710191105
07,"OGDENSBURG, NY",0020,USMCA (NAFTA),CGP,"NO 2 & 3 FL OIL,LT=15 PPM S,GT=25,NT BIODSEL,NESOI",17931,BBL,2154477,2024-12,HS10,2710191105
09,"BUFFALO, NY",0020,USMCA (NAFTA),CGP,"NO 2 & 3 FL OIL,LT=15 PPM S,GT=25,NT BIODSEL,NESOI",230,BBL,28999,2024-12,HS10,2710191105
10,"NEW YORK CITY, NY",0020,USMCA (NAFTA),CGP,"NO 2 & 3 FL OIL,LT=15 PPM S,GT=25,NT BIODSEL,NESOI",1191339,BBL,133799025,2024-12,HS10,2710191105
11,"PHILADELPHIA, PA",0020,USMCA (NAFTA),CGP,"NO 2 & 3 FL OIL,LT=15 PPM S,GT=25,NT BIODSEL,NESOI",88953,BBL,7729855,2024-12,HS10,2710191105
49,"SAN JUAN, PR",0020,USMCA (NAFTA),CGP,"NO 2 & 3 FL OIL,LT=15 PPM S,GT=25,NT BIODSEL,NESOI",434692,BBL,40200740,2024-12,HS10,2710191105
18,"TAMPA, FL",0021,TWENTY LATIN AMERICAN REPUBLICS,CGP,"NO 2 & 3 FL OIL,LT=15 PPM S,GT=25,NT BIODSEL,NESOI",248268,BBL,25244243,2024-12,HS10,2710191105
01,"PORTLAND, ME",0022,OECD,CGP,"NO 2 & 3 FL OIL,LT=15 PPM S,GT=25,NT BIODSEL,NESOI",7918750,BBL,796965686,2024-12,HS10,2710191105
04,"BOSTON, MA",0022,OECD,CGP,"NO 2 & 3 FL OIL,LT=15 PPM S,GT=25,NT BIODSEL,NESOI",7557743,BBL,757490660,2024-12,HS10,2710191105
05,"PROVIDENCE, RI",0022,OECD,CGP,"NO 2 & 3 FL OIL,LT=15 PPM S,GT=25,NT BIODSEL,NESOI",1328958,BBL,126668322,2024-12,HS10,2710191105
07,"OGDENSBURG, NY",0022,OECD,CGP,"NO 2 & 3 FL OIL,LT=15 PPM S,GT=25,NT BIODSEL,NESOI",17931,BBL,2154477,2024-12,HS10,2710191105
09,"BUFFALO, NY",0022,OECD,CGP,"NO 2 & 3 FL OIL,LT=15 PPM S,GT=25,NT BIODSEL,NESOI",230,BBL,28999,2024-12,HS10,2710191105
10,"NEW YORK CITY, NY",0022,OECD,CGP,"NO 2 & 3 FL OIL,LT=15 PPM S,GT=25,NT BIODSEL,NESOI",1191339,BBL,133799025,2024-12,HS10,2710191105
11,"PHILADELPHIA, PA",0022,OECD,CGP,"NO 2 & 3 FL OIL,LT=15 PPM S,GT=25,NT BIODSEL,NESOI",88953,BBL,7729855,2024-12,HS10,2710191105
18,"TAMPA, FL",0022,OECD,CGP,"NO 2 & 3 FL OIL,LT=15 PPM S,GT=25,NT BIODSEL,NESOI",248268,BBL,25244243,2024-12,HS10,2710191105
49,"SAN JUAN, PR",0022,OECD,CGP,"NO 2 & 3 FL OIL,LT=15 PPM S,GT=25,NT BIODSEL,NESOI",434692,BBL,40200740,2024-12,HS10,2710191105
54,"WASHINGTON, DC",0022,OECD,CGP,"NO 2 & 3 FL OIL,LT=15 PPM S,GT=25,NT BIODSEL,NESOI",1,BBL,2597,2024-12,HS10,2710191105
01,"PORTLAND, ME",0023,NATO,CGP,"NO 2 & 3 FL OIL,LT=15 PPM S,GT=25,NT BIODSEL,NESOI",7918750,BBL,796965686,2024-12,HS10,2710191105
04,"BOSTON, MA",0023,NATO,CGP,"NO 2 & 3 FL OIL,LT=15 PPM S,GT=25,NT BIODSEL,NESOI",7557743,BBL,757490660,2024-12,HS10,2710191105
05,"PROVIDENCE, RI",0023,NATO,CGP,"NO 2 & 3 FL OIL,LT=15 PPM S,GT=25,NT BIODSEL,NESOI",1328958,BBL,126668322,2024-12,HS10,2710191105
07,"OGDENSBURG, NY",0023,NATO,CGP,"NO 2 & 3 FL OIL,LT=15 PPM S,GT=25,NT BIODSEL,NESOI",17931,BBL,2154477,2024-12,HS10,2710191105
09,"BUFFALO, NY",0023,NATO,CGP,"NO 2 & 3 FL OIL,LT=15 PPM S,GT=25,NT BIODSEL,NESOI",230,BBL,28999,2024-12,HS10,2710191105
54,"WASHINGTON, DC",0023,NATO,CGP,"NO 2 & 3 FL OIL,LT=15 PPM S,GT=25,NT BIODSEL,NESOI",1,BBL,2597,2024-12,HS10,2710191105
10,"NEW YORK CITY, NY",0023,NATO,CGP,"NO 2 & 3 FL OIL,LT=15 PPM S,GT=25,NT BIODSEL,NESOI",1191339,BBL,133799025,2024-12,HS10,2710191105
11,"PHILADELPHIA, PA",0023,NATO,CGP,"NO 2 & 3 FL OIL,LT=15 PPM S,GT=25,NT BIODSEL,NESOI",88953,BBL,7729855,2024-12,HS10,2710191105
49,"SAN JUAN, PR",0023,NATO,CGP,"NO 2 & 3 FL OIL,LT=15 PPM S,GT=25,NT BIODSEL,NESOI",434692,BBL,40200740,2024-12,HS10,2710191105
18,"TAMPA, FL",0024,LAFTA,CGP,"NO 2 & 3 FL OIL,LT=15 PPM S,GT=25,NT BIODSEL,NESOI",248268,BBL,25244243,2024-12,HS10,2710191105
01,"PORTLAND, ME",0026,APEC,CGP,"NO 2 & 3 FL OIL,LT=15 PPM S,GT=25,NT BIODSEL,NESOI",7918750,BBL,796965686,2024-12,HS10,2710191105
04,"BOSTON, MA",0026,APEC,CGP,"NO 2 & 3 FL OIL,LT=15 PPM S,GT=25,NT BIODSEL,NESOI",7557743,BBL,757490660,2024-12,HS10,2710191105
05,"PROVIDENCE, RI",0026,APEC,CGP,"NO 2 & 3 FL OIL,LT=15 PPM S,GT=25,NT BIODSEL,NESOI",1328958,BBL,126668322,2024-12,HS10,2710191105
07,"OGDENSBURG, NY",0026,APEC,CGP,"NO 2 & 3 FL OIL,LT=15 PPM S,GT=25,NT BIODSEL,NESOI",17931,BBL,2154477,2024-12,HS10,2710191105
09,"BUFFALO, NY",0026,APEC,CGP,"NO 2 & 3 FL OIL,LT=15 PPM S,GT=25,NT BIODSEL,NESOI",230,BBL,28999,2024-12,HS10,2710191105
10,"NEW YORK CITY, NY",0026,APEC,CGP,"NO 2 & 3 FL OIL,LT=15 PPM S,GT=25,NT BIODSEL,NESOI",1191339,BBL,133799025,2024-12,HS10,2710191105
11,"PHILADELPHIA, PA",0026,APEC,CGP,"NO 2 & 3 FL OIL,LT=15 PPM S,GT=25,NT BIODSEL,NESOI",88953,BBL,7729855,2024-12,HS10,2710191105
49,"SAN JUAN, PR",0026,APEC,CGP,"NO 2 & 3 FL OIL,LT=15 PPM S,GT=25,NT BIODSEL,NESOI",434692,BBL,40200740,2024-12,HS10,2710191105
01,"PORTLAND, ME",1220,CANADA,DET,"NO 2 & 3 FL OIL,LT=15 PPM S,GT=25,NT BIODSEL,NESOI",7918750,BBL,796965686,2024-12,HS10,2710191105
04,"BOSTON, MA",1220,CANADA,DET,"NO 2 & 3 FL OIL,LT=15 PPM S,GT=25,NT BIODSEL,NESOI",7557743,BBL,757490660,2024-12,HS10,2710191105
05,"PROVIDENCE, RI",1220,CANADA,DET,"NO 2 & 3 FL OIL,LT=15 PPM S,GT=25,NT BIODSEL,NESOI",1328958,BBL,126668322,2024-12,HS10,2710191105
07,"OGDENSBURG, NY",1220,CANADA,DET,"NO 2 & 3 FL OIL,LT=15 PPM S,GT=25,NT BIODSEL,NESOI",17931,BBL,2154477,2024-12,HS10,2710191105
09,"BUFFALO, NY",1220,CANADA,DET,"NO 2 & 3 FL OIL,LT=15 PPM S,GT=25,NT BIODSEL,NESOI",230,BBL,28999,2024-12,HS10,2710191105
10,"NEW YORK CITY, NY",1220,CANADA,DET,"NO 2 & 3 FL OIL,LT=15 PPM S,GT=25,NT BIODSEL,NESOI",1191339,BBL,133799025,2024-12,HS10,2710191105
11,"PHILADELPHIA, PA",1220,CANADA,DET,"NO 2 & 3 FL OIL,LT=15 PPM S,GT=25,NT BIODSEL,NESOI",88953,BBL,7729855,2024-12,HS10,2710191105
49,"SAN JUAN, PR",1220,CANADA,DET,"NO 2 & 3 FL OIL,LT=15 PPM S,GT=25,NT BIODSEL,NESOI",434692,BBL,40200740,2024-12,HS10,2710191105
01,"PORTLAND, ME",1XXX,NORTH AMERICA,CGP,"NO 2 & 3 FL OIL,LT=15 PPM S,GT=25,NT BIODSEL,NESOI",7918750,BBL,796965686,2024-12,HS10,2710191105
04,"BOSTON, MA",1XXX,NORTH AMERICA,CGP,"NO 2 & 3 FL OIL,LT=15 PPM S,GT=25,NT BIODSEL,NESOI",7557743,BBL,757490660,2024-12,HS10,2710191105
05,"PROVIDENCE, RI",1XXX,NORTH AMERICA,CGP,"NO 2 & 3 FL OIL,LT=15 PPM S,GT=25,NT BIODSEL,NESOI",1328958,BBL,126668322,2024-12,HS10,2710191105
07,"OGDENSBURG, NY",1XXX,NORTH AMERICA,CGP,"NO 2 & 3 FL OIL,LT=15 PPM S,GT=25,NT BIODSEL,NESOI",17931,BBL,2154477,2024-12,HS10,2710191105
09,"BUFFALO, NY",1XXX,NORTH AMERICA,CGP,"NO 2 & 3 FL OIL,LT=15 PPM S,GT=25,NT BIODSEL,NESOI",230,BBL,28999,2024-12,HS10,2710191105
10,"NEW YORK CITY, NY",1XXX,NORTH AMERICA,CGP,"NO 2 & 3 FL OIL,LT=15 PPM S,GT=25,NT BIODSEL,NESOI",1191339,BBL,133799025,2024-12,HS10,2710191105
11,"PHILADELPHIA, PA",1XXX,NORTH AMERICA,CGP,"NO 2 & 3 FL OIL,LT=15 PPM S,GT=25,NT BIODSEL,NESOI",88953,BBL,7729855,2024-12,HS10,2710191105
49,"SAN JUAN, PR",1XXX,NORTH AMERICA,CGP,"NO 2 & 3 FL OIL,LT=15 PPM S,GT=25,NT BIODSEL,NESOI",434692,BBL,40200740,2024-12,HS10,2710191105
18,"TAMPA, FL",3010,COLOMBIA,DET,"NO 2 & 3 FL OIL,LT=15 PPM S,GT=25,NT BIODSEL,NESOI",248268,BBL,25244243,2024-12,HS10,2710191105
18,"TAMPA, FL",3XXX,SOUTH AMERICA,CGP,"NO 2 & 3 FL OIL,LT=15 PPM S,GT=25,NT BIODSEL,NESOI",248268,BBL,25244243,2024-12,HS10,2710191105
54,"WASHINGTON, DC",4120,UNITED KINGDOM,DET,"NO 2 & 3 FL OIL,LT=15 PPM S,GT=25,NT BIODSEL,NESOI",1,BBL,2597,2024-12,HS10,2710191105
54,"WASHINGTON, DC",4XXX,EUROPE,CGP,"NO 2 & 3 FL OIL,LT=15 PPM S,GT=25,NT BIODSEL,NESOI",1,BBL,2597,2024-12,HS10,2710191105
01,"PORTLAND, ME",-,TOTAL FOR ALL COUNTRIES,DET,"NO 2 & 3 FL OIL,LT=15 PPM S,GT=25,NT BIODSEL,NESOI",7918750,BBL,796965686,2024-12,HS10,2710191105
04,"BOSTON, MA",-,TOTAL FOR ALL COUNTRIES,DET,"NO 2 & 3 FL OIL,LT=15 PPM S,GT=25,NT BIODSEL,NESOI",7557743,BBL,757490660,2024-12,HS10,2710191105
05,"PROVIDENCE, RI",-,TOTAL FOR ALL COUNTRIES,DET,"NO 2 & 3 FL OIL,LT=15 PPM S,GT=25,NT BIODSEL,NESOI",1328958,BBL,126668322,2024-12,HS10,2710191105
07,"OGDENSBURG, NY",-,TOTAL FOR ALL COUNTRIES,DET,"NO 2 & 3 FL OIL,LT=15 PPM S,GT=25,NT BIODSEL,NESOI",17931,BBL,2154477,2024-12,HS10,2710191105
09,"BUFFALO, NY",-,TOTAL FOR ALL COUNTRIES,DET,"NO 2 & 3 FL OIL,LT=15 PPM S,GT=25,NT BIODSEL,NESOI",230,BBL,28999,2024-12,HS10,2710191105
10,"NEW YORK CITY, NY",-,TOTAL FOR ALL COUNTRIES,DET,"NO 2 & 3 FL OIL,LT=15 PPM S,GT=25,NT BIODSEL,NESOI",1191339,BBL,133799025,2024-12,HS10,2710191105
11,"PHILADELPHIA, PA",-,TOTAL FOR ALL COUNTRIES,DET,"NO 2 & 3 FL OIL,LT=15 PPM S,GT=25,NT BIODSEL,NESOI",88953,BBL,7729855,2024-12,HS10,2710191105
18,"TAMPA, FL",-,TOTAL FOR ALL COUNTRIES,DET,"NO 2 & 3 FL OIL,LT=15 PPM S,GT=25,NT BIODSEL,NESOI",248268,BBL,25244243,2024-12,HS10,2710191105
49,"SAN JUAN, PR",-,TOTAL FOR ALL COUNTRIES,DET,"NO 2 & 3 FL OIL,LT=15 PPM S,GT=25,NT BIODSEL,NESOI",434692,BBL,40200740,2024-12,HS10,2710191105
54,"WASHINGTON, DC",-,TOTAL FOR ALL COUNTRIES,DET,"NO 2 & 3 FL OIL,LT=15 PPM S,GT=25,NT BIODSEL,NESOI",1,BBL,2597,2024-12,HS10,2710191105
-,TOTAL FOR ALL DISTRICTS,-,TOTAL FOR ALL COUNTRIES,DET,"NO 2 & 3 FL OIL,GT 500 PPM S,GT=25,NT BIODSL,NESOI",17876,BBL,367056,2024-12,HS10,2710191108
-,TOTAL FOR ALL DISTRICTS,0020,USMCA (NAFTA),CGP,"NO 2 & 3 FL OIL,GT 500 PPM S,GT=25,NT BIODSL,NESOI",17726,BBL,331508,2024-12,HS10,2710191108
-,TOTAL FOR ALL DISTRICTS,0022,OECD,CGP,"NO 2 & 3 FL OIL,GT 500 PPM S,GT=25,NT BIODSL,NESOI",17726,BBL,331508,2024-12,HS10,2710191108
-,TOTAL FOR ALL DISTRICTS,0023,NATO,CGP,"NO 2 & 3 FL OIL,GT 500 PPM S,GT=25,NT BIODSL,NESOI",17726,BBL,331508,2024-12,HS10,2710191108
-,TOTAL FOR ALL DISTRICTS,0026,APEC,CGP,"NO 2 & 3 FL OIL,GT 500 PPM S,GT=25,NT BIODSL,NESOI",17726,BBL,331508,2024-12,HS10,2710191108
-,TOTAL FOR ALL DISTRICTS,1220,CANADA,DET,"NO 2 & 3 FL OIL,GT 500 PPM S,GT=25,NT BIODSL,NESOI",17726,BBL,331508,2024-12,HS10,2710191108
-,TOTAL FOR ALL DISTRICTS,1XXX,NORTH AMERICA,CGP,"NO 2 & 3 FL OIL,GT 500 PPM S,GT=25,NT BIODSL,NESOI",17726,BBL,331508,2024-12,HS10,2710191108
-,TOTAL FOR ALL DISTRICTS,4120,UNITED KINGDOM,DET,"NO 2 & 3 FL OIL,GT 500 PPM S,GT=25,NT BIODSL,NESOI",0,BBL,0,2024-12,HS10,2710191108
-,TOTAL FOR ALL DISTRICTS,4XXX,EUROPE,CGP,"NO 2 & 3 FL OIL,GT 500 PPM S,GT=25,NT BIODSL,NESOI",0,BBL,0,2024-12,HS10,2710191108
-,TOTAL FOR ALL DISTRICTS,5180,QATAR,DET,"NO 2 & 3 FL OIL,GT 500 PPM S,GT=25,NT BIODSL,NESOI",150,BBL,35548,2024-12,HS10,2710191108
-,TOTAL FOR ALL DISTRICTS,5XXX,ASIA,CGP,"NO 2 & 3 FL OIL,GT 500 PPM S,GT=25,NT BIODSL,NESOI",150,BBL,35548,2024-12,HS10,2710191108
-,TOTAL FOR ALL DISTRICTS,7250,LIBYA,DET,"NO 2 & 3 FL OIL,GT 500 PPM S,GT=25,NT BIODSL,NESOI",0,BBL,0,2024-12,HS10,2710191108
-,TOTAL FOR ALL DISTRICTS,7490,GHANA,DET,"NO 2 & 3 FL OIL,GT 500 PPM S,GT=25,NT BIODSL,NESOI",0,BBL,0,2024-12,HS10,2710191108
-,TOTAL FOR ALL DISTRICTS,7530,NIGERIA,DET,"NO 2 & 3 FL OIL,GT 500 PPM S,GT=25,NT BIODSL,NESOI",0,BBL,0,2024-12,HS10,2710191108
-,TOTAL FOR ALL DISTRICTS,7630,CONGO,DET,"NO 2 & 3 FL OIL,GT 500 PPM S,GT=25,NT BIODSL,NESOI",0,BBL,0,2024-12,HS10,2710191108
-,TOTAL FOR ALL DISTRICTS,7XXX,AFRICA,CGP,"NO 2 & 3 FL OIL,GT 500 PPM S,GT=25,NT BIODSL,NESOI",0,BBL,0,2024-12,HS10,2710191108
09,"BUFFALO, NY",0020,USMCA (NAFTA),CGP,"NO 2 & 3 FL OIL,GT 500 PPM S,GT=25,NT BIODSL,NESOI",615,BBL,17607,2024-12,HS10,2710191108
38,"DETROIT, MI",0020,USMCA (NAFTA),CGP,"NO 2 & 3 FL OIL,GT 500 PPM S,GT=25,NT BIODSL,NESOI",17111,BBL,313901,2024-12,HS10,2710191108
09,"BUFFALO, NY",0022,OECD,CGP,"NO 2 & 3 FL OIL,GT 500 PPM S,GT=25,NT BIODSL,NESOI",615,BBL,17607,2024-12,HS10,2710191108
10,"NEW YORK CITY, NY",0022,OECD,CGP,"NO 2 & 3 FL OIL,GT 500 PPM S,GT=25,NT BIODSL,NESOI",0,BBL,0,2024-12,HS10,2710191108
38,"DETROIT, MI",0022,OECD,CGP,"NO 2 & 3 FL OIL,GT 500 PPM S,GT=25,NT BIODSL,NESOI",17111,BBL,313901,2024-12,HS10,2710191108
09,"BUFFALO, NY",0023,NATO,CGP,"NO 2 & 3 FL OIL,GT 500 PPM S,GT=25,NT BIODSL,NESOI",615,BBL,17607,2024-12,HS10,2710191108
10,"NEW YORK CITY, NY",0023,NATO,CGP,"NO 2 & 3 FL OIL,GT 500 PPM S,GT=25,NT BIODSL,NESOI",0,BBL,0,2024-12,HS10,2710191108
38,"DETROIT, MI",0023,NATO,CGP,"NO 2 & 3 FL OIL,GT 500 PPM S,GT=25,NT BIODSL,NESOI",17111,BBL,313901,2024-12,HS10,2710191108
09,"BUFFALO, NY",0026,APEC,CGP,"NO 2 & 3 FL OIL,GT 500 PPM S,GT=25,NT BIODSL,NESOI",615,BBL,17607,2024-12,HS10,2710191108
38,"DETROIT, MI",0026,APEC,CGP,"NO 2 & 3 FL OIL,GT 500 PPM S,GT=25,NT BIODSL,NESOI",17111,BBL,313901,2024-12,HS10,2710191108
09,"BUFFALO, NY",1220,CANADA,DET,"NO 2 & 3 FL OIL,GT 500 PPM S,GT=25,NT BIODSL,NESOI",615,BBL,17607,2024-12,HS10,2710191108
38,"DETROIT, MI",1220,CANADA,DET,"NO 2 & 3 FL OIL,GT 500 PPM S,GT=25,NT BIODSL,NESOI",17111,BBL,313901,2024-12,HS10,2710191108
09,"BUFFALO, NY",1XXX,NORTH AMERICA,CGP,"NO 2 & 3 FL OIL,GT 500 PPM S,GT=25,NT BIODSL,NESOI",615,BBL,17607,2024-12,HS10,2710191108
38,"DETROIT, MI",1XXX,NORTH AMERICA,CGP,"NO 2 & 3 FL OIL,GT 500 PPM S,GT=25,NT BIODSL,NESOI",17111,BBL,313901,2024-12,HS10,2710191108
10,"NEW YORK CITY, NY",4120,UNITED KINGDOM,DET,"NO 2 & 3 FL OIL,GT 500 PPM S,GT=25,NT BIODSL,NESOI",0,BBL,0,2024-12,HS10,2710191108
10,"NEW YORK CITY, NY",4XXX,EUROPE,CGP,"NO 2 & 3 FL OIL,GT 500 PPM S,GT=25,NT BIODSL,NESOI",0,BBL,0,2024-12,HS10,2710191108
07,"OGDENSBURG, NY",5180,QATAR,DET,"NO 2 & 3 FL OIL,GT 500 PPM S,GT=25,NT BIODSL,NESOI",150,BBL,35548,2024-12,HS10,2710191108
07,"OGDENSBURG, NY",5XXX,ASIA,CGP,"NO 2 & 3 FL OIL,GT 500 PPM S,GT=25,NT BIODSL,NESOI",150,BBL,35548,2024-12,HS10,2710191108
10,"NEW YORK CITY, NY",7250,LIBYA,DET,"NO 2 & 3 FL OIL,GT 500 PPM S,GT=25,NT BIODSL,NESOI",0,BBL,0,2024-12,HS10,2710191108
10,"NEW YORK CITY, NY",7490,GHANA,DET,"NO 2 & 3 FL OIL,GT 500 PPM S,GT=25,NT BIODSL,NESOI",0,BBL,0,2024-12,HS10,2710191108
10,"NEW YORK CITY, NY",7530,NIGERIA,DET,"NO 2 & 3 FL OIL,GT 500 PPM S,GT=25,NT BIODSL,NESOI",0,BBL,0,2024-12,HS10,2710191108
10,"NEW YORK CITY, NY",7630,CONGO,DET,"NO 2 & 3 FL OIL,GT 500 PPM S,GT=25,NT BIODSL,NESOI",0,BBL,0,2024-12,HS10,2710191108
10,"NEW YORK CITY, NY",7XXX,AFRICA,CGP,"NO 2 & 3 FL OIL,GT 500 PPM S,GT=25,NT BIODSL,NESOI",0,BBL,0,2024-12,HS10,2710191108
07,"OGDENSBURG, NY",-,TOTAL FOR ALL COUNTRIES,DET,"NO 2 & 3 FL OIL,GT 500 PPM S,GT=25,NT BIODSL,NESOI",150,BBL,35548,2024-12,HS10,2710191108
09,"BUFFALO, NY",-,TOTAL FOR ALL COUNTRIES,DET,"NO 2 & 3 FL OIL,GT 500 PPM S,GT=25,NT BIODSL,NESOI",615,BBL,17607,2024-12,HS10,2710191108
10,"NEW YORK CITY, NY",-,TOTAL FOR ALL COUNTRIES,DET,"NO 2 & 3 FL OIL,GT 500 PPM S,GT=25,NT BIODSL,NESOI",0,BBL,0,2024-12,HS10,2710191108
38,"DETROIT, MI",-,TOTAL FOR ALL COUNTRIES,DET,"NO 2 & 3 FL OIL,GT 500 PPM S,GT=25,NT BIODSL,NESOI",17111,BBL,313901,2024-12,HS10,2710191108
-,TOTAL FOR ALL DISTRICTS,-,TOTAL FOR ALL COUNTRIES,DET,"LIGHT FL OIL LT=15 PPM SULFUR, NOT BIODIESEL NESOI",1469807,BBL,156867156,2024-12,HS10,2710191111
-,TOTAL FOR ALL DISTRICTS,0003,EUROPEAN UNION,CGP,"LIGHT FL OIL LT=15 PPM SULFUR, NOT BIODIESEL NESOI",4104,BBL,350059,2024-12,HS10,2710191111
-,TOTAL FOR ALL DISTRICTS,0014,PACIFIC RIM COUNTRIES,CGP,"LIGHT FL OIL LT=15 PPM SULFUR, NOT BIODIESEL NESOI",322314,BBL,33595003,2024-12,HS10,2710191111
-,TOTAL FOR ALL DISTRICTS,0020,USMCA (NAFTA),CGP,"LIGHT FL OIL LT=15 PPM SULFUR, NOT BIODIESEL NESOI",887281,BBL,96438066,2024-12,HS10,2710191111
-,TOTAL FOR ALL DISTRICTS,0021,TWENTY LATIN AMERICAN REPUBLICS,CGP,"LIGHT FL OIL LT=15 PPM SULFUR, NOT BIODIESEL NESOI",256108,BBL,26484028,2024-12,HS10,2710191111
-,TOTAL FOR ALL DISTRICTS,0022,OECD,CGP,"LIGHT FL OIL LT=15 PPM SULFUR, NOT BIODIESEL NESOI",1469807,BBL,156867156,2024-12,HS10,2710191111
-,TOTAL FOR ALL DISTRICTS,0023,NATO,CGP,"LIGHT FL OIL LT=15 PPM SULFUR, NOT BIODIESEL NESOI",891385,BBL,96788125,2024-12,HS10,2710191111
-,TOTAL FOR ALL DISTRICTS,0024,LAFTA,CGP,"LIGHT FL OIL LT=15 PPM SULFUR, NOT BIODIESEL NESOI",256108,BBL,26484028,2024-12,HS10,2710191111
-,TOTAL FOR ALL DISTRICTS,0025,EURO AREA,CGP,"LIGHT FL OIL LT=15 PPM SULFUR, NOT BIODIESEL NESOI",4104,BBL,350059,2024-12,HS10,2710191111
-,TOTAL FOR ALL DISTRICTS,0026,APEC,CGP,"LIGHT FL OIL LT=15 PPM SULFUR, NOT BIODIESEL NESOI",1209595,BBL,130033069,2024-12,HS10,2710191111
-,TOTAL FOR ALL DISTRICTS,1220,CANADA,DET,"LIGHT FL OIL LT=15 PPM SULFUR, NOT BIODIESEL NESOI",887281,BBL,96438066,2024-12,HS10,2710191111
-,TOTAL FOR ALL DISTRICTS,1XXX,NORTH AMERICA,CGP,"LIGHT FL OIL LT=15 PPM SULFUR, NOT BIODIESEL NESOI",887281,BBL,96438066,2024-12,HS10,2710191111
-,TOTAL FOR ALL DISTRICTS,3010,COLOMBIA,DET,"LIGHT FL OIL LT=15 PPM SULFUR, NOT BIODIESEL NESOI",256108,BBL,26484028,2024-12,HS10,2710191111
-,TOTAL FOR ALL DISTRICTS,3XXX,SOUTH AMERICA,CGP,"LIGHT FL OIL LT=15 PPM SULFUR, NOT BIODIESEL NESOI",256108,BBL,26484028,2024-12,HS10,2710191111
-,TOTAL FOR ALL DISTRICTS,4280,GERMANY,DET,"LIGHT FL OIL LT=15 PPM SULFUR, NOT BIODIESEL NESOI",4103,BBL,347785,2024-12,HS10,2710191111
-,TOTAL FOR ALL DISTRICTS,4759,ITALY,DET,"LIGHT FL OIL LT=15 PPM SULFUR, NOT BIODIESEL NESOI",1,BBL,2274,2024-12,HS10,2710191111
-,TOTAL FOR ALL DISTRICTS,4XXX,EUROPE,CGP,"LIGHT FL OIL LT=15 PPM SULFUR, NOT BIODIESEL NESOI",4104,BBL,350059,2024-12,HS10,2710191111
-,TOTAL FOR ALL DISTRICTS,5880,JAPAN,DET,"LIGHT FL OIL LT=15 PPM SULFUR, NOT BIODIESEL NESOI",322314,BBL,33595003,2024-12,HS10,2710191111
-,TOTAL FOR ALL DISTRICTS,5XXX,ASIA,CGP,"LIGHT FL OIL LT=15 PPM SULFUR, NOT BIODIESEL NESOI",322314,BBL,33595003,2024-12,HS10,2710191111
38,"DETROIT, MI",0003,EUROPEAN UNION,CGP,"LIGHT FL OIL LT=15 PPM SULFUR, NOT BIODIESEL NESOI",4103,BBL,347785,2024-12,HS10,2710191111
52,"MIAMI, FL",0003,EUROPEAN UNION,CGP,"LIGHT FL OIL LT=15 PPM SULFUR, NOT BIODIESEL NESOI",1,BBL,2274,2024-12,HS10,2710191111
31,"ANCHORAGE, AK",0014,PACIFIC RIM COUNTRIES,CGP,"LIGHT FL OIL LT=15 PPM SULFUR, NOT BIODIESEL NESOI",322314,BBL,33595003,2024-12,HS10,2710191111
01,"PORTLAND, ME",0020,USMCA (NAFTA),CGP,"LIGHT FL OIL LT=15 PPM SULFUR, NOT BIODIESEL NESOI",7351,BBL,837255,2024-12,HS10,2710191111
02,"ST. ALBANS, VT",0020,USMCA (NAFTA),CGP,"LIGHT FL OIL LT=15 PPM SULFUR, NOT BIODIESEL NESOI",51272,BBL,6092804,2024-12,HS10,2710191111
04,"BOSTON, MA",0020,USMCA (NAFTA),CGP,"LIGHT FL OIL LT=15 PPM SULFUR, NOT BIODIESEL NESOI",101807,BBL,10953436,2024-12,HS10,2710191111
05,"PROVIDENCE, RI",0020,USMCA (NAFTA),CGP,"LIGHT FL OIL LT=15 PPM SULFUR, NOT BIODIESEL NESOI",390765,BBL,41293404,2024-12,HS10,2710191111
07,"OGDENSBURG, NY",0020,USMCA (NAFTA),CGP,"LIGHT FL OIL LT=15 PPM SULFUR, NOT BIODIESEL NESOI",67560,BBL,7998873,2024-12,HS10,2710191111
10,"NEW YORK CITY, NY",0020,USMCA (NAFTA),CGP,"LIGHT FL OIL LT=15 PPM SULFUR, NOT BIODIESEL NESOI",163975,BBL,18560354,2024-12,HS10,2710191111
31,"ANCHORAGE, AK",0020,USMCA (NAFTA),CGP,"LIGHT FL OIL LT=15 PPM SULFUR, NOT BIODIESEL NESOI",77054,BBL,8267841,2024-12,HS10,2710191111
37,"MILWAUKEE, WI",0020,USMCA (NAFTA),CGP,"LIGHT FL OIL LT=15 PPM SULFUR, NOT BIODIESEL NESOI",27044,BBL,2348858,2024-12,HS10,2710191111
38,"DETROIT, MI",0020,USMCA (NAFTA),CGP,"LIGHT FL OIL LT=15 PPM SULFUR, NOT BIODIESEL NESOI",167,BBL,14593,2024-12,HS10,2710191111
49,"SAN JUAN, PR",0020,USMCA (NAFTA),CGP,"LIGHT FL OIL LT=15 PPM SULFUR, NOT BIODIESEL NESOI",286,BBL,70648,2024-12,HS10,2710191111
49,"SAN JUAN, PR",0021,TWENTY LATIN AMERICAN REPUBLICS,CGP,"LIGHT FL OIL LT=15 PPM SULFUR, NOT BIODIESEL NESOI",256108,BBL,26484028,2024-12,HS10,2710191111
01,"PORTLAND, ME",0022,OECD,CGP,"LIGHT FL OIL LT=15 PPM SULFUR, NOT BIODIESEL NESOI",7351,BBL,837255,2024-12,HS10,2710191111
02,"ST. ALBANS, VT",0022,OECD,CGP,"LIGHT FL OIL LT=15 PPM SULFUR, NOT BIODIESEL NESOI",51272,BBL,6092804,2024-12,HS10,2710191111
04,"BOSTON, MA",0022,OECD,CGP,"LIGHT FL OIL LT=15 PPM SULFUR, NOT BIODIESEL NESOI",101807,BBL,10953436,2024-12,HS10,2710191111
05,"PROVIDENCE, RI",0022,OECD,CGP,"LIGHT FL OIL LT=15 PPM SULFUR, NOT BIODIESEL NESOI",390765,BBL,41293404,2024-12,HS10,2710191111
07,"OGDENSBURG, NY",0022,OECD,CGP,"LIGHT FL OIL LT=15 PPM SULFUR, NOT BIODIESEL NESOI",67560,BBL,7998873,2024-12,HS10,2710191111
10,"NEW YORK CITY, NY",0022,OECD,CGP,"LIGHT FL OIL LT=15 PPM SULFUR, NOT BIODIESEL NESOI",163975,BBL,18560354,2024-12,HS10,2710191111
31,"ANCHORAGE, AK",0022,OECD,CGP,"LIGHT FL OIL LT=15 PPM SULFUR, NOT BIODIESEL NESOI",399368,BBL,41862844,2024-12,HS10,2710191111
37,"MILWAUKEE, WI",0022,OECD,CGP,"LIGHT FL OIL LT=15 PPM SULFUR, NOT BIODIESEL NESOI",27044,BBL,2348858,2024-12,HS10,2710191111
38,"DETROIT, MI",0022,OECD,CGP,"LIGHT FL OIL LT=15 PPM SULFUR, NOT BIODIESEL NESOI",4270,BBL,362378,2024-12,HS10,2710191111
49,"SAN JUAN, PR",0022,OECD,CGP,"LIGHT FL OIL LT=15 PPM SULFUR, NOT BIODIESEL NESOI",256394,BBL,26554676,2024-12,HS10,2710191111
52,"MIAMI, FL",0022,OECD,CGP,"LIGHT FL OIL LT=15 PPM SULFUR, NOT BIODIESEL NESOI",1,BBL,2274,2024-12,HS10,2710191111
01,"PORTLAND, ME",0023,NATO,CGP,"LIGHT FL OIL LT=15 PPM SULFUR, NOT BIODIESEL NESOI",7351,BBL,837255,2024-12,HS10,2710191111
02,"ST. ALBANS, VT",0023,NATO,CGP,"LIGHT FL OIL LT=15 PPM SULFUR, NOT BIODIESEL NESOI",51272,BBL,6092804,2024-12,HS10,2710191111
04,"BOSTON, MA",0023,NATO,CGP,"LIGHT FL OIL LT=15 PPM SULFUR, NOT BIODIESEL NESOI",101807,BBL,10953436,2024-12,HS10,2710191111
05,"PROVIDENCE, RI",0023,NATO,CGP,"LIGHT FL OIL LT=15 PPM SULFUR, NOT BIODIESEL NESOI",390765,BBL,41293404,2024-12,HS10,2710191111
07,"OGDENSBURG, NY",0023,NATO,CGP,"LIGHT FL OIL LT=15 PPM SULFUR, NOT BIODIESEL NESOI",67560,BBL,7998873,2024-12,HS10,2710191111
10,"NEW YORK CITY, NY",0023,NATO,CGP,"LIGHT FL OIL LT=15 PPM SULFUR, NOT BIODIESEL NESOI",163975,BBL,18560354,2024-12,HS10,2710191111
31,"ANCHORAGE, AK",0023,NATO,CGP,"LIGHT FL OIL LT=15 PPM SULFUR, NOT BIODIESEL NESOI",77054,BBL,8267841,2024-12,HS10,2710191111
37,"MILWAUKEE, WI",0023,NATO,CGP,"LIGHT FL OIL LT=15 PPM SULFUR, NOT BIODIESEL NESOI",27044,BBL,2348858,2024-12,HS10,2710191111
38,"DETROIT, MI",0023,NATO,CGP,"LIGHT FL OIL LT=15 PPM SULFUR, NOT BIODIESEL NESOI",4270,BBL,362378,2024-12,HS10,2710191111
49,"SAN JUAN, PR",0023,NATO,CGP,"LIGHT FL OIL LT=15 PPM SULFUR, NOT BIODIESEL NESOI",286,BBL,70648,2024-12,HS10,2710191111
52,"MIAMI, FL",0023,NATO,CGP,"LIGHT FL OIL LT=15 PPM SULFUR, NOT BIODIESEL NESOI",1,BBL,2274,2024-12,HS10,2710191111
49,"SAN JUAN, PR",0024,LAFTA,CGP,"LIGHT FL OIL LT=15 PPM SULFUR, NOT BIODIESEL NESOI",256108,BBL,26484028,2024-12,HS10,2710191111
38,"DETROIT, MI",0025,EURO AREA,CGP,"LIGHT FL OIL LT=15 PPM SULFUR, NOT BIODIESEL NESOI",4103,BBL,347785,2024-12,HS10,2710191111
52,"MIAMI, FL",0025,EURO AREA,CGP,"LIGHT FL OIL LT=15 PPM SULFUR, NOT BIODIESEL NESOI",1,BBL,2274,2024-12,HS10,2710191111
01,"PORTLAND, ME",0026,APEC,CGP,"LIGHT FL OIL LT=15 PPM SULFUR, NOT BIODIESEL NESOI",7351,BBL,837255,2024-12,HS10,2710191111
02,"ST. ALBANS, VT",0026,APEC,CGP,"LIGHT FL OIL LT=15 PPM SULFUR, NOT BIODIESEL NESOI",51272,BBL,6092804,2024-12,HS10,2710191111
04,"BOSTON, MA",0026,APEC,CGP,"LIGHT FL OIL LT=15 PPM SULFUR, NOT BIODIESEL NESOI",101807,BBL,10953436,2024-12,HS10,2710191111
05,"PROVIDENCE, RI",0026,APEC,CGP,"LIGHT FL OIL LT=15 PPM SULFUR, NOT BIODIESEL NESOI",390765,BBL,41293404,2024-12,HS10,2710191111
07,"OGDENSBURG, NY",0026,APEC,CGP,"LIGHT FL OIL LT=15 PPM SULFUR, NOT BIODIESEL NESOI",67560,BBL,7998873,2024-12,HS10,2710191111
10,"NEW YORK CITY, NY",0026,APEC,CGP,"LIGHT FL OIL LT=15 PPM SULFUR, NOT BIODIESEL NESOI",163975,BBL,18560354,2024-12,HS10,2710191111
31,"ANCHORAGE, AK",0026,APEC,CGP,"LIGHT FL OIL LT=15 PPM SULFUR, NOT BIODIESEL NESOI",399368,BBL,41862844,2024-12,HS10,2710191111
37,"MILWAUKEE, WI",0026,APEC,CGP,"LIGHT FL OIL LT=15 PPM SULFUR, NOT BIODIESEL NESOI",27044,BBL,2348858,2024-12,HS10,2710191111
38,"DETROIT, MI",0026,APEC,CGP,"LIGHT FL OIL LT=15 PPM SULFUR, NOT BIODIESEL NESOI",167,BBL,14593,2024-12,HS10,2710191111
49,"SAN JUAN, PR",0026,APEC,CGP,"LIGHT FL OIL LT=15 PPM SULFUR, NOT BIODIESEL NESOI",286,BBL,70648,2024-12,HS10,2710191111
01,"PORTLAND, ME",1220,CANADA,DET,"LIGHT FL OIL LT=15 PPM SULFUR, NOT BIODIESEL NESOI",7351,BBL,837255,2024-12,HS10,2710191111
02,"ST. ALBANS, VT",1220,CANADA,DET,"LIGHT FL OIL LT=15 PPM SULFUR, NOT BIODIESEL NESOI",51272,BBL,6092804,2024-12,HS10,2710191111
04,"BOSTON, MA",1220,CANADA,DET,"LIGHT FL OIL LT=15 PPM SULFUR, NOT BIODIESEL NESOI",101807,BBL,10953436,2024-12,HS10,2710191111
05,"PROVIDENCE, RI",1220,CANADA,DET,"LIGHT FL OIL LT=15 PPM SULFUR, NOT BIODIESEL NESOI",390765,BBL,41293404,2024-12,HS10,2710191111
07,"OGDENSBURG, NY",1220,CANADA,DET,"LIGHT FL OIL LT=15 PPM SULFUR, NOT BIODIESEL NESOI",67560,BBL,7998873,2024-12,HS10,2710191111
10,"NEW YORK CITY, NY",1220,CANADA,DET,"LIGHT FL OIL LT=15 PPM SULFUR, NOT BIODIESEL NESOI",163975,BBL,18560354,2024-12,HS10,2710191111
31,"ANCHORAGE, AK",1220,CANADA,DET,"LIGHT FL OIL LT=15 PPM SULFUR, NOT BIODIESEL NESOI",77054,BBL,8267841,2024-12,HS10,2710191111
37,"MILWAUKEE, WI",1220,CANADA,DET,"LIGHT FL OIL LT=15 PPM SULFUR, NOT BIODIESEL NESOI",27044,BBL,2348858,2024-12,HS10,2710191111
38,"DETROIT, MI",1220,CANADA,DET,"LIGHT FL OIL LT=15 PPM SULFUR, NOT BIODIESEL NESOI",167,BBL,14593,2024-12,HS10,2710191111
49,"SAN JUAN, PR",1220,CANADA,DET,"LIGHT FL OIL LT=15 PPM SULFUR, NOT BIODIESEL NESOI",286,BBL,70648,2024-12,HS10,2710191111
01,"PORTLAND, ME",1XXX,NORTH AMERICA,CGP,"LIGHT FL OIL LT=15 PPM SULFUR, NOT BIODIESEL NESOI",7351,BBL,837255,2024-12,HS10,2710191111
02,"ST. ALBANS, VT",1XXX,NORTH AMERICA,CGP,"LIGHT FL OIL LT=15 PPM SULFUR, NOT BIODIESEL NESOI",51272,BBL,6092804,2024-12,HS10,2710191111
04,"BOSTON, MA",1XXX,NORTH AMERICA,CGP,"LIGHT FL OIL LT=15 PPM SULFUR, NOT BIODIESEL NESOI",101807,BBL,10953436,2024-12,HS10,2710191111
05,"PROVIDENCE, RI",1XXX,NORTH AMERICA,CGP,"LIGHT FL OIL LT=15 PPM SULFUR, NOT BIODIESEL NESOI",390765,BBL,41293404,2024-12,HS10,2710191111
07,"OGDENSBURG, NY",1XXX,NORTH AMERICA,CGP,"LIGHT FL OIL LT=15 PPM SULFUR, NOT BIODIESEL NESOI",67560,BBL,7998873,2024-12,HS10,2710191111
10,"NEW YORK CITY, NY",1XXX,NORTH AMERICA,CGP,"LIGHT FL OIL LT=15 PPM SULFUR, NOT BIODIESEL NESOI",163975,BBL,18560354,2024-12,HS10,2710191111
31,"ANCHORAGE, AK",1XXX,NORTH AMERICA,CGP,"LIGHT FL OIL LT=15 PPM SULFUR, NOT BIODIESEL NESOI",77054,BBL,8267841,2024-12,HS10,2710191111
37,"MILWAUKEE, WI",1XXX,NORTH AMERICA,CGP,"LIGHT FL OIL LT=15 PPM SULFUR, NOT BIODIESEL NESOI",27044,BBL,2348858,2024-12,HS10,2710191111
38,"DETROIT, MI",1XXX,NORTH AMERICA,CGP,"LIGHT FL OIL LT=15 PPM SULFUR, NOT BIODIESEL NESOI",167,BBL,14593,2024-12,HS10,2710191111
49,"SAN JUAN, PR",1XXX,NORTH AMERICA,CGP,"LIGHT FL OIL LT=15 PPM SULFUR, NOT BIODIESEL NESOI",286,BBL,70648,2024-12,HS10,2710191111
49,"SAN JUAN, PR",3010,COLOMBIA,DET,"LIGHT FL OIL LT=15 PPM SULFUR, NOT BIODIESEL NESOI",256108,BBL,26484028,2024-12,HS10,2710191111
49,"SAN JUAN, PR",3XXX,SOUTH AMERICA,CGP,"LIGHT FL OIL LT=15 PPM SULFUR, NOT BIODIESEL NESOI",256108,BBL,26484028,2024-12,HS10,2710191111
38,"DETROIT, MI",4280,GERMANY,DET,"LIGHT FL OIL LT=15 PPM SULFUR, NOT BIODIESEL NESOI",4103,BBL,347785,2024-12,HS10,2710191111
52,"MIAMI, FL",4759,ITALY,DET,"LIGHT FL OIL LT=15 PPM SULFUR, NOT BIODIESEL NESOI",1,BBL,2274,2024-12,HS10,2710191111
38,"DETROIT, MI",4XXX,EUROPE,CGP,"LIGHT FL OIL LT=15 PPM SULFUR, NOT BIODIESEL NESOI",4103,BBL,347785,2024-12,HS10,2710191111
52,"MIAMI, FL",4XXX,EUROPE,CGP,"LIGHT FL OIL LT=15 PPM SULFUR, NOT BIODIESEL NESOI",1,BBL,2274,2024-12,HS10,2710191111
31,"ANCHORAGE, AK",5880,JAPAN,DET,"LIGHT FL OIL LT=15 PPM SULFUR, NOT BIODIESEL NESOI",322314,BBL,33595003,2024-12,HS10,2710191111
31,"ANCHORAGE, AK",5XXX,ASIA,CGP,"LIGHT FL OIL LT=15 PPM SULFUR, NOT BIODIESEL NESOI",322314,BBL,33595003,2024-12,HS10,2710191111
01,"PORTLAND, ME",-,TOTAL FOR ALL COUNTRIES,DET,"LIGHT FL OIL LT=15 PPM SULFUR, NOT BIODIESEL NESOI",7351,BBL,837255,2024-12,HS10,2710191111
02,"ST. ALBANS, VT",-,TOTAL FOR ALL COUNTRIES,DET,"LIGHT FL OIL LT=15 PPM SULFUR, NOT BIODIESEL NESOI",51272,BBL,6092804,2024-12,HS10,2710191111
04,"BOSTON, MA",-,TOTAL FOR ALL COUNTRIES,DET,"LIGHT FL OIL LT=15 PPM SULFUR, NOT BIODIESEL NESOI",101807,BBL,10953436,2024-12,HS10,2710191111
05,"PROVIDENCE, RI",-,TOTAL FOR ALL COUNTRIES,DET,"LIGHT FL OIL LT=15 PPM SULFUR, NOT BIODIESEL NESOI",390765,BBL,41293404,2024-12,HS10,2710191111
07,"OGDENSBURG, NY",-,TOTAL FOR ALL COUNTRIES,DET,"LIGHT FL OIL LT=15 PPM SULFUR, NOT BIODIESEL NESOI",67560,BBL,7998873,2024-12,HS10,2710191111
10,"NEW YORK CITY, NY",-,TOTAL FOR ALL COUNTRIES,DET,"LIGHT FL OIL LT=15 PPM SULFUR, NOT BIODIESEL NESOI",163975,BBL,18560354,2024-12,HS10,2710191111
31,"ANCHORAGE, AK",-,TOTAL FOR ALL COUNTRIES,DET,"LIGHT FL OIL LT=15 PPM SULFUR, NOT BIODIESEL NESOI",399368,BBL,41862844,2024-12,HS10,2710191111
37,"MILWAUKEE, WI",-,TOTAL FOR ALL COUNTRIES,DET,"LIGHT FL OIL LT=15 PPM SULFUR, NOT BIODIESEL NESOI",27044,BBL,2348858,2024-12,HS10,2710191111
38,"DETROIT, MI",-,TOTAL FOR ALL COUNTRIES,DET,"LIGHT FL OIL LT=15 PPM SULFUR, NOT BIODIESEL NESOI",4270,BBL,362378,2024-12,HS10,2710191111
49,"SAN JUAN, PR",-,TOTAL FOR ALL COUNTRIES,DET,"LIGHT FL OIL LT=15 PPM SULFUR, NOT BIODIESEL NESOI",256394,BBL,26554676,2024-12,HS10,2710191111
52,"MIAMI, FL",-,TOTAL FOR ALL COUNTRIES,DET,"LIGHT FL OIL LT=15 PPM SULFUR, NOT BIODIESEL NESOI",1,BBL,2274,2024-12,HS10,2710191111
-,TOTAL FOR ALL DISTRICTS,-,TOTAL FOR ALL COUNTRIES,DET,LIGHT FL OIL 15-500 PPM SULFUR NOT BIODIESEL NESOI,183855,BBL,20631449,2024-12,HS10,2710191113
-,TOTAL FOR ALL DISTRICTS,0020,USMCA (NAFTA),CGP,LIGHT FL OIL 15-500 PPM SULFUR NOT BIODIESEL NESOI,67142,BBL,7615547,2024-12,HS10,2710191113
-,TOTAL FOR ALL DISTRICTS,0021,TWENTY LATIN AMERICAN REPUBLICS,CGP,LIGHT FL OIL 15-500 PPM SULFUR NOT BIODIESEL NESOI,69283,BBL,7831778,2024-12,HS10,2710191113
-,TOTAL FOR ALL DISTRICTS,0022,OECD,CGP,LIGHT FL OIL 15-500 PPM SULFUR NOT BIODIESEL NESOI,69283,BBL,7831778,2024-12,HS10,2710191113
-,TOTAL FOR ALL DISTRICTS,0024,LAFTA,CGP,LIGHT FL OIL 15-500 PPM SULFUR NOT BIODIESEL NESOI,69283,BBL,7831778,2024-12,HS10,2710191113
-,TOTAL FOR ALL DISTRICTS,0026,APEC,CGP,LIGHT FL OIL 15-500 PPM SULFUR NOT BIODIESEL NESOI,181586,BBL,20405842,2024-12,HS10,2710191113
-,TOTAL FOR ALL DISTRICTS,0027,ASEAN,CGP,LIGHT FL OIL 15-500 PPM SULFUR NOT BIODIESEL NESOI,114444,BBL,12790295,2024-12,HS10,2710191113
-,TOTAL FOR ALL DISTRICTS,1XXX,NORTH AMERICA,CGP,LIGHT FL OIL 15-500 PPM SULFUR NOT BIODIESEL NESOI,67142,BBL,7615547,2024-12,HS10,2710191113
-,TOTAL FOR ALL DISTRICTS,2010,MEXICO,DET,LIGHT FL OIL 15-500 PPM SULFUR NOT BIODIESEL NESOI,67142,BBL,7615547,2024-12,HS10,2710191113
-,TOTAL FOR ALL DISTRICTS,3010,COLOMBIA,DET,LIGHT FL OIL 15-500 PPM SULFUR NOT BIODIESEL NESOI,2141,BBL,216231,2024-12,HS10,2710191113
-,TOTAL FOR ALL DISTRICTS,3XXX,SOUTH AMERICA,CGP,LIGHT FL OIL 15-500 PPM SULFUR NOT BIODIESEL NESOI,2141,BBL,216231,2024-12,HS10,2710191113
-,TOTAL FOR ALL DISTRICTS,5200,UNITED ARAB EMIRATES,DET,LIGHT FL OIL 15-500 PPM SULFUR NOT BIODIESEL NESOI,128,BBL,9376,2024-12,HS10,2710191113
-,TOTAL FOR ALL DISTRICTS,5490,THAILAND,DET,LIGHT FL OIL 15-500 PPM SULFUR NOT BIODIESEL NESOI,114444,BBL,12790295,2024-12,HS10,2710191113
-,TOTAL FOR ALL DISTRICTS,5XXX,ASIA,CGP,LIGHT FL OIL 15-500 PPM SULFUR NOT BIODIESEL NESOI,114572,BBL,12799671,2024-12,HS10,2710191113
52,"MIAMI, FL",0022,OECD,CGP,LIGHT FL OIL 15-500 PPM SULFUR NOT BIODIESEL NESOI,67142,BBL,7615547,2024-12,HS10,2710191113
52,"MIAMI, FL",0020,USMCA (NAFTA),CGP,LIGHT FL OIL 15-500 PPM SULFUR NOT BIODIESEL NESOI,67142,BBL,7615547,2024-12,HS10,2710191113
52,"MIAMI, FL",0021,TWENTY LATIN AMERICAN REPUBLICS,CGP,LIGHT FL OIL 15-500 PPM SULFUR NOT BIODIESEL NESOI,67142,BBL,7615547,2024-12,HS10,2710191113
53,"HOUSTON-GALVESTON, TX",0021,TWENTY LATIN AMERICAN REPUBLICS,CGP,LIGHT FL OIL 15-500 PPM SULFUR NOT BIODIESEL NESOI,2141,BBL,216231,2024-12,HS10,2710191113
53,"HOUSTON-GALVESTON, TX",0022,OECD,CGP,LIGHT FL OIL 15-500 PPM SULFUR NOT BIODIESEL NESOI,2141,BBL,216231,2024-12,HS10,2710191113
52,"MIAMI, FL",0024,LAFTA,CGP,LIGHT FL OIL 15-500 PPM SULFUR NOT BIODIESEL NESOI,67142,BBL,7615547,2024-12,HS10,2710191113
28,"SAN FRANCISCO, CA",0027,ASEAN,CGP,LIGHT FL OIL 15-500 PPM SULFUR NOT BIODIESEL NESOI,114444,BBL,12790295,2024-12,HS10,2710191113
53,"HOUSTON-GALVESTON, TX",0024,LAFTA,CGP,LIGHT FL OIL 15-500 PPM SULFUR NOT BIODIESEL NESOI,2141,BBL,216231,2024-12,HS10,2710191113
28,"SAN FRANCISCO, CA",0026,APEC,CGP,LIGHT FL OIL 15-500 PPM SULFUR NOT BIODIESEL NESOI,114444,BBL,12790295,2024-12,HS10,2710191113
52,"MIAMI, FL",0026,APEC,CGP,LIGHT FL OIL 15-500 PPM SULFUR NOT BIODIESEL NESOI,67142,BBL,7615547,2024-12,HS10,2710191113
52,"MIAMI, FL",1XXX,NORTH AMERICA,CGP,LIGHT FL OIL 15-500 PPM SULFUR NOT BIODIESEL NESOI,67142,BBL,7615547,2024-12,HS10,2710191113
52,"MIAMI, FL",2010,MEXICO,DET,LIGHT FL OIL 15-500 PPM SULFUR NOT BIODIESEL NESOI,67142,BBL,7615547,2024-12,HS10,2710191113
53,"HOUSTON-GALVESTON, TX",3010,COLOMBIA,DET,LIGHT FL OIL 15-500 PPM SULFUR NOT BIODIESEL NESOI,2141,BBL,216231,2024-12,HS10,2710191113
53,"HOUSTON-GALVESTON, TX",3XXX,SOUTH AMERICA,CGP,LIGHT FL OIL 15-500 PPM SULFUR NOT BIODIESEL NESOI,2141,BBL,216231,2024-12,HS10,2710191113
38,"DETROIT, MI",5200,UNITED ARAB EMIRATES,DET,LIGHT FL OIL 15-500 PPM SULFUR NOT BIODIESEL NESOI,128,BBL,9376,2024-12,HS10,2710191113
28,"SAN FRANCISCO, CA",5490,THAILAND,DET,LIGHT FL OIL 15-500 PPM SULFUR NOT BIODIESEL NESOI,114444,BBL,12790295,2024-12,HS10,2710191113
28,"SAN FRANCISCO, CA",5XXX,ASIA,CGP,LIGHT FL OIL 15-500 PPM SULFUR NOT BIODIESEL NESOI,114444,BBL,12790295,2024-12,HS10,2710191113
38,"DETROIT, MI",5XXX,ASIA,CGP,LIGHT FL OIL 15-500 PPM SULFUR NOT BIODIESEL NESOI,128,BBL,9376,2024-12,HS10,2710191113
28,"SAN FRANCISCO, CA",-,TOTAL FOR ALL COUNTRIES,DET,LIGHT FL OIL 15-500 PPM SULFUR NOT BIODIESEL NESOI,114444,BBL,12790295,2024-12,HS10,2710191113
38,"DETROIT, MI",-,TOTAL FOR ALL COUNTRIES,DET,LIGHT FL OIL 15-500 PPM SULFUR NOT BIODIESEL NESOI,128,BBL,9376,2024-12,HS10,2710191113
52,"MIAMI, FL",-,TOTAL FOR ALL COUNTRIES,DET,LIGHT FL OIL 15-500 PPM SULFUR NOT BIODIESEL NESOI,67142,BBL,7615547,2024-12,HS10,2710191113
53,"HOUSTON-GALVESTON, TX",-,TOTAL FOR ALL COUNTRIES,DET,LIGHT FL OIL 15-500 PPM SULFUR NOT BIODIESEL NESOI,2141,BBL,216231,2024-12,HS10,2710191113
-,TOTAL FOR ALL DISTRICTS,-,TOTAL FOR ALL COUNTRIES,DET,LIGHT FL OIL GT 500 PPM SULFUR NOT BIODIESEL NESOI,658380,BBL,74253699,2024-12,HS10,2710191114
-,TOTAL FOR ALL DISTRICTS,0020,USMCA (NAFTA),CGP,LIGHT FL OIL GT 500 PPM SULFUR NOT BIODIESEL NESOI,441841,BBL,57725699,2024-12,HS10,2710191114
-,TOTAL FOR ALL DISTRICTS,0021,TWENTY LATIN AMERICAN REPUBLICS,CGP,LIGHT FL OIL GT 500 PPM SULFUR NOT BIODIESEL NESOI,478,BBL,93107,2024-12,HS10,2710191114
-,TOTAL FOR ALL DISTRICTS,0022,OECD,CGP,LIGHT FL OIL GT 500 PPM SULFUR NOT BIODIESEL NESOI,441841,BBL,57725699,2024-12,HS10,2710191114
-,TOTAL FOR ALL DISTRICTS,0023,NATO,CGP,LIGHT FL OIL GT 500 PPM SULFUR NOT BIODIESEL NESOI,441363,BBL,57632592,2024-12,HS10,2710191114
-,TOTAL FOR ALL DISTRICTS,0024,LAFTA,CGP,LIGHT FL OIL GT 500 PPM SULFUR NOT BIODIESEL NESOI,478,BBL,93107,2024-12,HS10,2710191114
-,TOTAL FOR ALL DISTRICTS,0026,APEC,CGP,LIGHT FL OIL GT 500 PPM SULFUR NOT BIODIESEL NESOI,441841,BBL,57725699,2024-12,HS10,2710191114
-,TOTAL FOR ALL DISTRICTS,1220,CANADA,DET,LIGHT FL OIL GT 500 PPM SULFUR NOT BIODIESEL NESOI,441363,BBL,57632592,2024-12,HS10,2710191114
-,TOTAL FOR ALL DISTRICTS,1XXX,NORTH AMERICA,CGP,LIGHT FL OIL GT 500 PPM SULFUR NOT BIODIESEL NESOI,441841,BBL,57725699,2024-12,HS10,2710191114
-,TOTAL FOR ALL DISTRICTS,2010,MEXICO,DET,LIGHT FL OIL GT 500 PPM SULFUR NOT BIODIESEL NESOI,478,BBL,93107,2024-12,HS10,2710191114
-,TOTAL FOR ALL DISTRICTS,5050,IRAQ,DET,LIGHT FL OIL GT 500 PPM SULFUR NOT BIODIESEL NESOI,216539,BBL,16528000,2024-12,HS10,2710191114
-,TOTAL FOR ALL DISTRICTS,5XXX,ASIA,CGP,LIGHT FL OIL GT 500 PPM SULFUR NOT BIODIESEL NESOI,216539,BBL,16528000,2024-12,HS10,2710191114
20,"NEW ORLEANS, LA",0020,USMCA (NAFTA),CGP,LIGHT FL OIL GT 500 PPM SULFUR NOT BIODIESEL NESOI,66079,BBL,6008564,2024-12,HS10,2710191114
23,"LAREDO, TX",0020,USMCA (NAFTA),CGP,LIGHT FL OIL GT 500 PPM SULFUR NOT BIODIESEL NESOI,463,BBL,88000,2024-12,HS10,2710191114
24,"EL PASO, TX",0020,USMCA (NAFTA),CGP,LIGHT FL OIL GT 500 PPM SULFUR NOT BIODIESEL NESOI,15,BBL,5107,2024-12,HS10,2710191114
33,"GREAT FALLS, MT",0020,USMCA (NAFTA),CGP,LIGHT FL OIL GT 500 PPM SULFUR NOT BIODIESEL NESOI,54382,BBL,7695645,2024-12,HS10,2710191114
34,"PEMBINA, ND",0020,USMCA (NAFTA),CGP,LIGHT FL OIL GT 500 PPM SULFUR NOT BIODIESEL NESOI,306643,BBL,41409417,2024-12,HS10,2710191114
36,"DULUTH, MN",0020,USMCA (NAFTA),CGP,LIGHT FL OIL GT 500 PPM SULFUR NOT BIODIESEL NESOI,14259,BBL,2518966,2024-12,HS10,2710191114
23,"LAREDO, TX",0021,TWENTY LATIN AMERICAN REPUBLICS,CGP,LIGHT FL OIL GT 500 PPM SULFUR NOT BIODIESEL NESOI,463,BBL,88000,2024-12,HS10,2710191114
24,"EL PASO, TX",0021,TWENTY LATIN AMERICAN REPUBLICS,CGP,LIGHT FL OIL GT 500 PPM SULFUR NOT BIODIESEL NESOI,15,BBL,5107,2024-12,HS10,2710191114
20,"NEW ORLEANS, LA",0022,OECD,CGP,LIGHT FL OIL GT 500 PPM SULFUR NOT BIODIESEL NESOI,66079,BBL,6008564,2024-12,HS10,2710191114
23,"LAREDO, TX",0022,OECD,CGP,LIGHT FL OIL GT 500 PPM SULFUR NOT BIODIESEL NESOI,463,BBL,88000,2024-12,HS10,2710191114
24,"EL PASO, TX",0022,OECD,CGP,LIGHT FL OIL GT 500 PPM SULFUR NOT BIODIESEL NESOI,15,BBL,5107,2024-12,HS10,2710191114
33,"GREAT FALLS, MT",0022,OECD,CGP,LIGHT FL OIL GT 500 PPM SULFUR NOT BIODIESEL NESOI,54382,BBL,7695645,2024-12,HS10,2710191114
34,"PEMBINA, ND",0022,OECD,CGP,LIGHT FL OIL GT 500 PPM SULFUR NOT BIODIESEL NESOI,306643,BBL,41409417,2024-12,HS10,2710191114
36,"DULUTH, MN",0022,OECD,CGP,LIGHT FL OIL GT 500 PPM SULFUR NOT BIODIESEL NESOI,14259,BBL,2518966,2024-12,HS10,2710191114
20,"NEW ORLEANS, LA",0023,NATO,CGP,LIGHT FL OIL GT 500 PPM SULFUR NOT BIODIESEL NESOI,66079,BBL,6008564,2024-12,HS10,2710191114
33,"GREAT FALLS, MT",0023,NATO,CGP,LIGHT FL OIL GT 500 PPM SULFUR NOT BIODIESEL NESOI,54382,BBL,7695645,2024-12,HS10,2710191114
34,"PEMBINA, ND",0023,NATO,CGP,LIGHT FL OIL GT 500 PPM SULFUR NOT BIODIESEL NESOI,306643,BBL,41409417,2024-12,HS10,2710191114
36,"DULUTH, MN",0023,NATO,CGP,LIGHT FL OIL GT 500 PPM SULFUR NOT BIODIESEL NESOI,14259,BBL,2518966,2024-12,HS10,2710191114
23,"LAREDO, TX",0024,LAFTA,CGP,LIGHT FL OIL GT 500 PPM SULFUR NOT BIODIESEL NESOI,463,BBL,88000,2024-12,HS10,2710191114
24,"EL PASO, TX",0024,LAFTA,CGP,LIGHT FL OIL GT 500 PPM SULFUR NOT BIODIESEL NESOI,15,BBL,5107,2024-12,HS10,2710191114
20,"NEW ORLEANS, LA",0026,APEC,CGP,LIGHT FL OIL GT 500 PPM SULFUR NOT BIODIESEL NESOI,66079,BBL,6008564,2024-12,HS10,2710191114
23,"LAREDO, TX",0026,APEC,CGP,LIGHT FL OIL GT 500 PPM SULFUR NOT BIODIESEL NESOI,463,BBL,88000,2024-12,HS10,2710191114
24,"EL PASO, TX",0026,APEC,CGP,LIGHT FL OIL GT 500 PPM SULFUR NOT BIODIESEL NESOI,15,BBL,5107,2024-12,HS10,2710191114
33,"GREAT FALLS, MT",0026,APEC,CGP,LIGHT FL OIL GT 500 PPM SULFUR NOT BIODIESEL NESOI,54382,BBL,7695645,2024-12,HS10,2710191114
34,"PEMBINA, ND",0026,APEC,CGP,LIGHT FL OIL GT 500 PPM SULFUR NOT BIODIESEL NESOI,306643,BBL,41409417,2024-12,HS10,2710191114
36,"DULUTH, MN",0026,APEC,CGP,LIGHT FL OIL GT 500 PPM SULFUR NOT BIODIESEL NESOI,14259,BBL,2518966,2024-12,HS10,2710191114
20,"NEW ORLEANS, LA",1220,CANADA,DET,LIGHT FL OIL GT 500 PPM SULFUR NOT BIODIESEL NESOI,66079,BBL,6008564,2024-12,HS10,2710191114
33,"GREAT FALLS, MT",1220,CANADA,DET,LIGHT FL OIL GT 500 PPM SULFUR NOT BIODIESEL NESOI,54382,BBL,7695645,2024-12,HS10,2710191114
34,"PEMBINA, ND",1220,CANADA,DET,LIGHT FL OIL GT 500 PPM SULFUR NOT BIODIESEL NESOI,306643,BBL,41409417,2024-12,HS10,2710191114
36,"DULUTH, MN",1220,CANADA,DET,LIGHT FL OIL GT 500 PPM SULFUR NOT BIODIESEL NESOI,14259,BBL,2518966,2024-12,HS10,2710191114
20,"NEW ORLEANS, LA",1XXX,NORTH AMERICA,CGP,LIGHT FL OIL GT 500 PPM SULFUR NOT BIODIESEL NESOI,66079,BBL,6008564,2024-12,HS10,2710191114
23,"LAREDO, TX",1XXX,NORTH AMERICA,CGP,LIGHT FL OIL GT 500 PPM SULFUR NOT BIODIESEL NESOI,463,BBL,88000,2024-12,HS10,2710191114
24,"EL PASO, TX",1XXX,NORTH AMERICA,CGP,LIGHT FL OIL GT 500 PPM SULFUR NOT BIODIESEL NESOI,15,BBL,5107,2024-12,HS10,2710191114
33,"GREAT FALLS, MT",1XXX,NORTH AMERICA,CGP,LIGHT FL OIL GT 500 PPM SULFUR NOT BIODIESEL NESOI,54382,BBL,7695645,2024-12,HS10,2710191114
34,"PEMBINA, ND",1XXX,NORTH AMERICA,CGP,LIGHT FL OIL GT 500 PPM SULFUR NOT BIODIESEL NESOI,306643,BBL,41409417,2024-12,HS10,2710191114
36,"DULUTH, MN",1XXX,NORTH AMERICA,CGP,LIGHT FL OIL GT 500 PPM SULFUR NOT BIODIESEL NESOI,14259,BBL,2518966,2024-12,HS10,2710191114
23,"LAREDO, TX",2010,MEXICO,DET,LIGHT FL OIL GT 500 PPM SULFUR NOT BIODIESEL NESOI,463,BBL,88000,2024-12,HS10,2710191114
24,"EL PASO, TX",2010,MEXICO,DET,LIGHT FL OIL GT 500 PPM SULFUR NOT BIODIESEL NESOI,15,BBL,5107,2024-12,HS10,2710191114
20,"NEW ORLEANS, LA",5050,IRAQ,DET,LIGHT FL OIL GT 500 PPM SULFUR NOT BIODIESEL NESOI,216539,BBL,16528000,2024-12,HS10,2710191114
20,"NEW ORLEANS, LA",5XXX,ASIA,CGP,LIGHT FL OIL GT 500 PPM SULFUR NOT BIODIESEL NESOI,216539,BBL,16528000,2024-12,HS10,2710191114
20,"NEW ORLEANS, LA",-,TOTAL FOR ALL COUNTRIES,DET,LIGHT FL OIL GT 500 PPM SULFUR NOT BIODIESEL NESOI,282618,BBL,22536564,2024-12,HS10,2710191114
23,"LAREDO, TX",-,TOTAL FOR ALL COUNTRIES,DET,LIGHT FL OIL GT 500 PPM SULFUR NOT BIODIESEL NESOI,463,BBL,88000,2024-12,HS10,2710191114
24,"EL PASO, TX",-,TOTAL FOR ALL COUNTRIES,DET,LIGHT FL OIL GT 500 PPM SULFUR NOT BIODIESEL NESOI,15,BBL,5107,2024-12,HS10,2710191114
33,"GREAT FALLS, MT",-,TOTAL FOR ALL COUNTRIES,DET,LIGHT FL OIL GT 500 PPM SULFUR NOT BIODIESEL NESOI,54382,BBL,7695645,2024-12,HS10,2710191114
34,"PEMBINA, ND",-,TOTAL FOR ALL COUNTRIES,DET,LIGHT FL OIL GT 500 PPM SULFUR NOT BIODIESEL NESOI,306643,BBL,41409417,2024-12,HS10,2710191114
36,"DULUTH, MN",-,TOTAL FOR ALL COUNTRIES,DET,LIGHT FL OIL GT 500 PPM SULFUR NOT BIODIESEL NESOI,14259,BBL,2518966,2024-12,HS10,2710191114
-,TOTAL FOR ALL DISTRICTS,-,TOTAL FOR ALL COUNTRIES,DET,"NO 2 & 3 FL OIL,DIESEL,LT=15 PPM S,GT=25,BIODIESEL",16,BBL,3280,2024-12,HS10,2710201002
-,TOTAL FOR ALL DISTRICTS,0020,USMCA (NAFTA),CGP,"NO 2 & 3 FL OIL,DIESEL,LT=15 PPM S,GT=25,BIODIESEL",16,BBL,3280,2024-12,HS10,2710201002
-,TOTAL FOR ALL DISTRICTS,0022,OECD,CGP,"NO 2 & 3 FL OIL,DIESEL,LT=15 PPM S,GT=25,BIODIESEL",16,BBL,3280,2024-12,HS10,2710201002
-,TOTAL FOR ALL DISTRICTS,0023,NATO,CGP,"NO 2 & 3 FL OIL,DIESEL,LT=15 PPM S,GT=25,BIODIESEL",16,BBL,3280,2024-12,HS10,2710201002
-,TOTAL FOR ALL DISTRICTS,0026,APEC,CGP,"NO 2 & 3 FL OIL,DIESEL,LT=15 PPM S,GT=25,BIODIESEL",16,BBL,3280,2024-12,HS10,2710201002
-,TOTAL FOR ALL DISTRICTS,1220,CANADA,DET,"NO 2 & 3 FL OIL,DIESEL,LT=15 PPM S,GT=25,BIODIESEL",16,BBL,3280,2024-12,HS10,2710201002
-,TOTAL FOR ALL DISTRICTS,1XXX,NORTH AMERICA,CGP,"NO 2 & 3 FL OIL,DIESEL,LT=15 PPM S,GT=25,BIODIESEL",16,BBL,3280,2024-12,HS10,2710201002
01,"PORTLAND, ME",0020,USMCA (NAFTA),CGP,"NO 2 & 3 FL OIL,DIESEL,LT=15 PPM S,GT=25,BIODIESEL",16,BBL,3280,2024-12,HS10,2710201002
01,"PORTLAND, ME",0022,OECD,CGP,"NO 2 & 3 FL OIL,DIESEL,LT=15 PPM S,GT=25,BIODIESEL",16,BBL,3280,2024-12,HS10,2710201002
01,"PORTLAND, ME",0023,NATO,CGP,"NO 2 & 3 FL OIL,DIESEL,LT=15 PPM S,GT=25,BIODIESEL",16,BBL,3280,2024-12,HS10,2710201002
01,"PORTLAND, ME",0026,APEC,CGP,"NO 2 & 3 FL OIL,DIESEL,LT=15 PPM S,GT=25,BIODIESEL",16,BBL,3280,2024-12,HS10,2710201002
01,"PORTLAND, ME",1220,CANADA,DET,"NO 2 & 3 FL OIL,DIESEL,LT=15 PPM S,GT=25,BIODIESEL",16,BBL,3280,2024-12,HS10,2710201002
01,"PORTLAND, ME",1XXX,NORTH AMERICA,CGP,"NO 2 & 3 FL OIL,DIESEL,LT=15 PPM S,GT=25,BIODIESEL",16,BBL,3280,2024-12,HS10,2710201002
01,"PORTLAND, ME",-,TOTAL FOR ALL COUNTRIES,DET,"NO 2 & 3 FL OIL,DIESEL,LT=15 PPM S,GT=25,BIODIESEL",16,BBL,3280,2024-12,HS10,2710201002
-,TOTAL FOR ALL DISTRICTS,-,TOTAL FOR ALL COUNTRIES,DET,"NO2 & 3 FL OIL,DIESEL,GT=500 PPM S,GT=25, BIODIESL",8,BBL,9367,2024-12,HS10,2710201004
-,TOTAL FOR ALL DISTRICTS,0003,EUROPEAN UNION,CGP,"NO2 & 3 FL OIL,DIESEL,GT=500 PPM S,GT=25, BIODIESL",8,BBL,9367,2024-12,HS10,2710201004
-,TOTAL FOR ALL DISTRICTS,0022,OECD,CGP,"NO2 & 3 FL OIL,DIESEL,GT=500 PPM S,GT=25, BIODIESL",8,BBL,9367,2024-12,HS10,2710201004
-,TOTAL FOR ALL DISTRICTS,0023,NATO,CGP,"NO2 & 3 FL OIL,DIESEL,GT=500 PPM S,GT=25, BIODIESL",8,BBL,9367,2024-12,HS10,2710201004
-,TOTAL FOR ALL DISTRICTS,0025,EURO AREA,CGP,"NO2 & 3 FL OIL,DIESEL,GT=500 PPM S,GT=25, BIODIESL",8,BBL,9367,2024-12,HS10,2710201004
-,TOTAL FOR ALL DISTRICTS,4280,GERMANY,DET,"NO2 & 3 FL OIL,DIESEL,GT=500 PPM S,GT=25, BIODIESL",8,BBL,9367,2024-12,HS10,2710201004
-,TOTAL FOR ALL DISTRICTS,4XXX,EUROPE,CGP,"NO2 & 3 FL OIL,DIESEL,GT=500 PPM S,GT=25, BIODIESL",8,BBL,9367,2024-12,HS10,2710201004
10,"NEW YORK CITY, NY",0003,EUROPEAN UNION,CGP,"NO2 & 3 FL OIL,DIESEL,GT=500 PPM S,GT=25, BIODIESL",8,BBL,9367,2024-12,HS10,2710201004
10,"NEW YORK CITY, NY",0022,OECD,CGP,"NO2 & 3 FL OIL,DIESEL,GT=500 PPM S,GT=25, BIODIESL",8,BBL,9367,2024-12,HS10,2710201004
10,"NEW YORK CITY, NY",0023,NATO,CGP,"NO2 & 3 FL OIL,DIESEL,GT=500 PPM S,GT=25, BIODIESL",8,BBL,9367,2024-12,HS10,2710201004
10,"NEW YORK CITY, NY",0025,EURO AREA,CGP,"NO2 & 3 FL OIL,DIESEL,GT=500 PPM S,GT=25, BIODIESL",8,BBL,9367,2024-12,HS10,2710201004
10,"NEW YORK CITY, NY",4280,GERMANY,DET,"NO2 & 3 FL OIL,DIESEL,GT=500 PPM S,GT=25, BIODIESL",8,BBL,9367,2024-12,HS10,2710201004
10,"NEW YORK CITY, NY",4XXX,EUROPE,CGP,"NO2 & 3 FL OIL,DIESEL,GT=500 PPM S,GT=25, BIODIESL",8,BBL,9367,2024-12,HS10,2710201004
10,"NEW YORK CITY, NY",-,TOTAL FOR ALL COUNTRIES,DET,"NO2 & 3 FL OIL,DIESEL,GT=500 PPM S,GT=25, BIODIESL",8,BBL,9367,2024-12,HS10,2710201004
