district,district_name,destination_region,barrels_per_day
20,"NEW ORLEANS, LA",Europe,174734
53,"HOUSTON-GALVESTON, TX",South America,136134
20,"NEW ORLEANS, LA",South America,100209
21,"PORT ARTHUR, TX",Europe,73035
53,"HOUSTON-GALVESTON, TX",Mexico,68837
21,"PORT ARTHUR, TX",South America,68209
23,"LAREDO, TX",Mexico,58291
53,"HOUSTON-GALVESTON, TX",Central America,55329
20,"NEW ORLEANS, LA",Central America,53318
53,"HOUSTON-GALVESTON, TX",Caribbean,47051
53,"HOUSTON-GALVESTON, TX",Europe,39710
30,"SEATTLE, WA",Mexico,33888
19,"MOBILE, AL",Central America,32564
20,"NEW ORLEANS, LA",Caribbean,27820
10,"NEW YORK CITY, NY",Europe,25992
21,"PORT ARTHUR, TX",Mexico,24241
24,"EL PASO, TX",Mexico,22599
20,"NEW ORLEANS, LA",Mexico,18461
30,"SEATTLE, WA",South America,17195
27,"LOS ANGELES, CA",South America,15402
28,"SAN FRANCISCO, CA",South America,14929
51,U.S. VIRGIN ISLANDS,Caribbean,14508
20,"NEW ORLEANS, LA",Africa,10809
27,"LOS ANGELES, CA",Mexico,8127
21,"PORT ARTHUR, TX",Central America,7565
21,"PORT ARTHUR, TX",Caribbean,5633
26,"NOGALES, AZ",Mexico,5272
11,"PHILADELPHIA, PA",Europe,3569
53,"HOUSTON-GALVESTON, TX",Canada,3294
25,"SAN DIEGO, CA",Mexico,2444
28,"SAN FRANCISCO, CA",Central America,2108
19,"MOBILE, AL",South America,2023
53,"HOUSTON-GALVESTON, TX",Africa,1917
19,"MOBILE, AL",Europe,1839
19,"MOBILE, AL",Caribbean,1745
51,U.S. VIRGIN ISLANDS,South America,1221
31,"ANCHORAGE, AK",Canada,1062
10,"NEW YORK CITY, NY",Africa,911
51,U.S. VIRGIN ISLANDS,Europe,889
20,"NEW ORLEANS, LA",Asia,830
28,"SAN FRANCISCO, CA",Mexico,821
38,"DETROIT, MI",Canada,627
10,"NEW YORK CITY, NY",Caribbean,616
09,"BUFFALO, NY",Canada,577
20,"NEW ORLEANS, LA",Canada,546
30,"SEATTLE, WA",Canada,485
30,"SEATTLE, WA",Central America,389
19,"MOBILE, AL",Mexico,334
49,"SAN JUAN, PR",Caribbean,227
52,"MIAMI, FL",Caribbean,214
11,"PHILADELPHIA, PA",Canada,137
10,"NEW YORK CITY, NY",Asia,110
27,"LOS ANGELES, CA",Asia,39
51,U.S. VIRGIN ISLANDS,Africa,36
51,U.S. VIRGIN ISLANDS,Central America,24
34,"PEMBINA, ND",Canada,19
36,"DULUTH, MN",Canada,10
52,"MIAMI, FL",South America,9
70,LOW VALUE,Canada,7
07,"OGDENSBURG, NY",Canada,6
33,"GREAT FALLS, MT",Canada,5
53,"HOUSTON-GALVESTON, TX",Asia,5
52,"MIAMI, FL",Central America,4
17,"SAVANNAH, GA",Asia,1
18,"TAMPA, FL",South America,1
39,"CHICAGO, IL",Asia,1
17,"SAVANNAH, GA",Central America,1
14,"NORFOLK, VA",Europe,0
14,"NORFOLK, VA",Asia,0
14,"NORFOLK, VA",Africa,0
16,"CHARLESTON, SC",Asia,0
38,"DETROIT, MI",Europe,0
38,"DETROIT, MI",Asia,0
23,"LAREDO, TX",Africa,0
01,"PORTLAND, ME",Canada,0
10,"NEW YORK CITY, NY",Central America,0
10,"NEW YORK CITY, NY",South America,0
27,"LOS ANGELES, CA",Central America,0
33,"GREAT FALLS, MT",Asia,0
41,"CLEVELAND, OH",Asia,0
52,"MIAMI, FL",Asia,0
