month,partner,cn8,tonnes,barrels_per_day
2025-09,AE,27101944,27,7
2025-09,AE,27101947,7174,1784
2025-09,AG,27101944,120,30
2025-09,AL,27101948,6304,1568
2025-09,AO,27101944,0,0
2025-09,AT,27101944,25209,6269
2025-09,AT,27101946,515,128
2025-09,AT,27101947,0,0
2025-09,AT,27101948,0,0
2025-09,AZ,27101944,5549,1380
2025-09,AZ,27101947,29596,7359
2025-09,AZ,27101948,3102,771
2025-09,BE,27101944,416156,103484
2025-09,BE,27101946,40718,10125
2025-09,BE,27101947,199873,49702
2025-09,BE,27101948,63156,15705
2025-09,BG,27101944,6642,1652
2025-09,CA,27101944,31823,7913
2025-09,CH,27101944,127,32
2025-09,CH,27101946,4,1
2025-09,CH,27101947,23,6
2025-09,CH,27101948,0,0
2025-09,CM,27101947,0,0
2025-09,CN,27101948,0,0
2025-09,CY,27101944,214,53
2025-09,CY,27101947,0,0
2025-09,CZ,27101944,18262,4541
2025-09,CZ,27101947,0,0
2025-09,DE,27101944,504687,125499
2025-09,DE,27101946,48195,11985
2025-09,DE,27101947,16700,4153
2025-09,DE,27101948,38927,9680
2025-09,DK,27101944,61916,15396
2025-09,DK,27101946,19,5
2025-09,DK,27101947,5948,1479
2025-09,DK,27101948,42,11
2025-09,EE,27101944,493,123
2025-09,EG,27101944,23738,5903
2025-09,ES,27101944,70339,17491
2025-09,ES,27101946,325,81
2025-09,ES,27101947,61796,15367
2025-09,ES,27101948,15919,3959
2025-09,FI,27101944,261801,65101
2025-09,FI,27101947,0,0
2025-09,FI,27101948,0,0
2025-09,FR,27101944,44348,11028
2025-09,FR,27101946,47,12
2025-09,FR,27101947,3135,779
2025-09,FR,27101948,5884,1463
2025-09,GB,27101944,9759,2427
2025-09,GB,27101946,1,0
2025-09,GB,27101947,31105,7735
2025-09,GB,27101948,18964,4716
2025-09,GR,27101944,95254,23686
2025-09,GR,27101946,1242,309
2025-09,GR,27101947,5115,1272
2025-09,HR,27101944,54,13
2025-09,HU,27101944,10846,2697
2025-09,HU,27101946,0,0
2025-09,HU,27101948,0,0
2025-09,IE,27101944,0,0
2025-09,IE,27101947,0,0
2025-09,IL,27101947,43259,10757
2025-09,IN,27101944,359562,89411
2025-09,IT,27101944,276862,68846
2025-09,IT,27101947,50191,12481
2025-09,IT,27101948,34733,8637
2025-09,JP,27101947,3,1
2025-09,KG,27101948,13608,3384
2025-09,KR,27101944,1088,271
2025-09,KW,27101944,263668,65566
2025-09,LT,27101944,112782,28045
2025-09,LT,27101947,1885,469
2025-09,LU,27101944,0,0
2025-09,LU,27101948,0,0
2025-09,LV,27101944,3098,770
2025-09,LV,27101947,27,7
2025-09,MT,27101947,0,0
2025-09,MY,27101944,11869,2951
2025-09,NG,27101944,199,49
2025-09,NL,27101944,885957,220308
2025-09,NL,27101946,149972,37293
2025-09,NL,27101947,184927,45985
2025-09,NO,27101944,24084,5989
2025-09,NO,27101947,39590,9845
2025-09,PL,27101944,23813,5922
2025-09,PL,27101947,3,1
2025-09,PT,27101944,4,1
2025-09,PT,27101946,0,0
2025-09,PT,27101947,1075,267
2025-09,PT,27101948,0,0
2025-09,QA,27101944,191677,47664
2025-09,QP,27101946,7,2
2025-09,QV,27101944,33037,8215
2025-09,QW,27101944,143086,35581
2025-09,QW,27101947,1356,337
2025-09,RO,27101944,16420,4083
2025-09,RO,27101946,10924,2716
2025-09,SA,27101944,960965,238960
2025-09,SA,27101947,49438,12294
2025-09,SE,27101944,79628,19801
2025-09,SE,27101947,67376,16754
2025-09,SE,27101948,12769,3175
2025-09,SG,27101944,23449,5831
2025-09,SI,27101944,119884,29811
2025-09,SI,27101947,68,17
2025-09,SK,27101944,38070,9467
2025-09,SK,27101947,1999,497
2025-09,SV,27101948,0,0
2025-09,TR,27101944,29554,7349
2025-09,TR,27101946,5998,1491
2025-09,TR,27101948,12982,3228
2025-09,US,27101944,565733,140679
2025-09,US,27101946,0,0
2025-09,US,27101947,62851,15629
2025-09,US,27101948,74,18
2025-09,VI,27101947,3278,815
2025-09,XS,27101944,10439,2596
2025-10,AE,27101944,98,23
2025-10,AR,27101948,0,0
2025-10,AT,27101944,29411,7078
2025-10,AT,27101946,1,0
2025-10,AT,27101947,0,0
2025-10,AT,27101948,0,0
2025-10,AU,27101948,0,0
2025-10,AZ,27101944,5146,1238
2025-10,BE,27101944,366061,88091
2025-10,BE,27101946,72648,17482
2025-10,BE,27101947,165512,39830
2025-10,BE,27101948,80,19
2025-10,BG,27101944,22087,5315
2025-10,BG,27101947,0,0
2025-10,BH,27101947,1932,465
2025-10,CA,27101944,5580,1343
2025-10,CA,27101946,0,0
2025-10,CH,27101944,717,173
2025-10,CH,27101946,67,16
2025-10,CH,27101947,2628,632
2025-10,CH,27101948,0,0
2025-10,CN,27101948,0,0
2025-10,CV,27101948,0,0
2025-10,CY,27101944,217,52
2025-10,CY,27101947,0,0
2025-10,CZ,27101944,45841,11032
2025-10,CZ,27101947,0,0
2025-10,DE,27101944,404419,97321
2025-10,DE,27101946,24322,5853
2025-10,DE,27101947,4663,1122
2025-10,DE,27101948,40125,9656
2025-10,DK,27101944,47768,11495
2025-10,DK,27101946,18,4
2025-10,DK,27101947,24229,5831
2025-10,DK,27101948,144,35
2025-10,EE,27101944,600,144
2025-10,EG,27101944,39735,9562
2025-10,ES,27101944,97651,23499
2025-10,ES,27101946,0,0
2025-10,ES,27101947,53272,12820
2025-10,ES,27101948,0,0
2025-10,FI,27101944,277147,66694
2025-10,FI,27101947,162,39
2025-10,FI,27101948,0,0
2025-10,FR,27101944,68739,16542
2025-10,FR,27101946,58,14
2025-10,FR,27101947,16670,4012
2025-10,FR,27101948,12,3
2025-10,GB,27101944,24932,6000
2025-10,GB,27101946,20,5
2025-10,GB,27101947,18821,4529
2025-10,GB,27101948,56486,13593
2025-10,GI,27101944,17844,4294
2025-10,GI,27101947,10161,2445
2025-10,GR,27101944,63719,15334
2025-10,GR,27101946,5116,1231
2025-10,GR,27101947,30938,7445
2025-10,HR,27101944,1999,481
2025-10,HU,27101944,2469,594
2025-10,HU,27101946,0,0
2025-10,ID,27101948,0,0
2025-10,IE,27101944,0,0
2025-10,IE,27101947,0,0
2025-10,IL,27101944,6064,1459
2025-10,IL,27101947,8321,2002
2025-10,IN,27101944,910010,218989
2025-10,IT,27101944,203575,48989
2025-10,IT,27101947,2005,483
2025-10,IT,27101948,1,0
2025-10,JP,27101947,3,1
2025-10,KR,27101944,270,65
2025-10,KW,27101944,527519,126945
2025-10,KY,27101944,8,2
2025-10,LT,27101944,93120,22409
2025-10,LT,27101946,0,0
2025-10,LT,27101947,552,133
2025-10,LU,27101944,0,0
2025-10,LV,27101944,3126,752
2025-10,LV,27101947,79,19
2025-10,MX,27101947,13014,3132
2025-10,MY,27101944,15784,3798
2025-10,NG,27101944,21245,5112
2025-10,NL,27101944,681889,164093
2025-10,NL,27101946,50086,12053
2025-10,NL,27101947,320042,77017
2025-10,NL,27101948,65770,15827
2025-10,NO,27101944,22026,5300
2025-10,NO,27101947,61676,14842
2025-10,OM,27101944,101960,24536
2025-10,PL,27101944,3184,766
2025-10,PL,27101947,57,14
2025-10,PT,27101944,0,0
2025-10,PT,27101947,845,203
2025-10,QA,27101944,93076,22398
2025-10,QA,27101948,0,0
2025-10,QV,27101944,28879,6950
2025-10,QV,27101946,12,3
2025-10,QV,27101947,5704,1373
2025-10,QW,27101944,102611,24693
2025-10,QW,27101947,5275,1269
2025-10,RO,27101944,28025,6744
2025-10,RO,27101947,0,0
2025-10,SA,27101944,1124141,270519
2025-10,SA,27101947,5573,1341
2025-10,SE,27101944,116790,28105
2025-10,SE,27101947,52863,12721
2025-10,SE,27101948,0,0
2025-10,SG,27101944,14394,3464
2025-10,SI,27101944,165846,39910
2025-10,SI,27101947,135,33
2025-10,SK,27101944,43562,10483
2025-10,SK,27101947,2569,618
2025-10,TR,27101944,1810,435
2025-10,TR,27101946,4346,1046
2025-10,US,27101944,1122209,270054
2025-10,US,27101946,0,0
2025-10,US,27101947,28624,6888
2025-10,US,27101948,61,15
2025-10,UZ,27101944,17946,4319
2025-10,UZ,27101947,5198,1251
2025-10,XS,27101944,2716,654
2025-10,ZA,27101944,0,0
2025-11,AE,27101944,176871,43982
2025-11,AT,27101944,37509,9327
2025-11,AT,27101948,0,0
2025-11,AU,27101948,0,0
2025-11,AZ,27101944,5059,1258
2025-11,BE,27101944,240616,59833
2025-11,BE,27101946,41136,10229
2025-11,BE,27101947,142578,35454
2025-11,BE,27101948,18299,4550
2025-11,BG,27101944,1415,352
2025-11,BG,27101947,0,0
2025-11,BR,27101944,0,0
2025-11,BR,27101948,0,0
2025-11,CA,27101944,74857,18615
2025-11,CH,27101944,176,44
2025-11,CH,27101946,20,5
2025-11,CH,27101947,0,0
2025-11,CH,27101948,0,0
2025-11,CN,27101948,0,0
2025-11,CV,27101944,0,0
2025-11,CV,27101948,0,0
2025-11,CY,27101944,349,87
2025-11,CY,27101947,0,0
2025-11,CZ,27101944,41420,10300
2025-11,CZ,27101947,0,0
2025-11,DE,27101944,417130,103726
2025-11,DE,27101946,30758,7648
2025-11,DE,27101947,8052,2002
2025-11,DE,27101948,43524,10823
2025-11,DK,27101944,51085,12703
2025-11,DK,27101947,5095,1267
2025-11,DK,27101948,272,68
2025-11,EE,27101944,29240,7271
2025-11,EG,27101944,58458,14537
2025-11,ES,27101944,106589,26505
2025-11,ES,27101947,33824,8411
2025-11,ES,27101948,0,0
2025-11,FI,27101944,174047,43280
2025-11,FI,27101947,7915,1968
2025-11,FI,27101948,2318,576
2025-11,FR,27101944,2368,589
2025-11,FR,27101946,12633,3141
2025-11,FR,27101947,4201,1045
2025-11,FR,27101948,40,10
2025-11,GB,27101944,20500,5098
2025-11,GB,27101946,67,17
2025-11,GB,27101947,4705,1170
2025-11,GB,27101948,23695,5892
2025-11,GE,27101944,2900,721
2025-11,GI,27101944,20986,5219
2025-11,GI,27101947,2527,628
2025-11,GI,27101948,0,0
2025-11,GR,27101944,41823,10400
2025-11,GR,27101946,3084,767
2025-11,GR,27101947,4484,1115
2025-11,HR,27101944,74,18
2025-11,HU,27101944,2722,677
2025-11,IE,27101944,0,0
2025-11,IE,27101946,13198,3282
2025-11,IL,27101944,66822,16616
2025-11,IL,27101947,35170,8746
2025-11,IN,27101944,593778,147653
2025-11,IN,27101946,5178,1287
2025-11,IT,27101944,247688,61592
2025-11,IT,27101947,6499,1616
2025-11,IT,27101948,1,0
2025-11,KR,27101944,504,125
2025-11,KW,27101944,183294,45579
2025-11,LT,27101944,173899,43243
2025-11,LT,27101947,1701,423
2025-11,LU,27101944,0,0
2025-11,LU,27101946,0,0
2025-11,LU,27101948,0,0
2025-11,LV,27101944,2826,703
2025-11,MT,27101947,46450,11551
2025-11,MY,27101944,12000,2984
2025-11,NL,27101944,802825,199636
2025-11,NL,27101946,49413,12287
2025-11,NL,27101947,228838,56904
2025-11,NL,27101948,24079,5988
2025-11,NO,27101944,25694,6389
2025-11,NO,27101947,66558,16551
2025-11,OM,27101944,40225,10003
2025-11,PL,27101944,3569,887
2025-11,PL,27101946,0,0
2025-11,PL,27101947,34,8
2025-11,PT,27101944,0,0
2025-11,QA,27101944,163133,40566
2025-11,QP,27101946,2,0
2025-11,QV,27101944,2026,504
2025-11,QV,27101946,13,3
2025-11,QV,27101947,418,104
2025-11,QW,27101944,170318,42352
2025-11,QW,27101947,569,141
2025-11,RO,27101944,3031,754
2025-11,RO,27101946,6165,1533
2025-11,RU,27101947,82,20
2025-11,SA,27101944,1009477,251023
2025-11,SA,27101947,26184,6511
2025-11,SE,27101944,30081,7480
2025-11,SE,27101947,26803,6665
2025-11,SE,27101948,10167,2528
2025-11,SG,27101944,17965,4467
2025-11,SI,27101944,126601,31481
2025-11,SI,27101946,0,0
2025-11,SI,27101947,84,21
2025-11,SK,27101944,47428,11794
2025-11,SK,27101947,1927,479
2025-11,TG,27101944,12000,2984
2025-11,TR,27101944,18679,4645
2025-11,TR,27101946,1620,403
2025-11,TR,27101947,25000,6217
2025-11,TR,27101948,15047,3742
2025-11,US,27101944,291263,72427
2025-11,US,27101946,1,0
2025-11,US,27101947,30292,7532
2025-11,US,27101948,165,41
2025-11,UZ,27101944,22633,5628
2025-11,XS,27101944,0,0
2025-12,AE,27101944,201733,48546
2025-12,AL,27101948,0,0
2025-12,AT,27101944,23593,5678
2025-12,AT,27101946,413,99
2025-12,AT,27101948,2005,482
2025-12,AZ,27101944,35900,8639
2025-12,AZ,27101946,4504,1084
2025-12,BE,27101944,323610,77875
2025-12,BE,27101946,39275,9451
2025-12,BE,27101947,242919,58457
2025-12,BE,27101948,100351,24149
2025-12,BG,27101944,153,37
2025-12,BG,27101947,0,0
2025-12,BH,27101944,27750,6678
2025-12,BR,27101944,0,0
2025-12,BS,27101948,0,0
2025-12,CA,27101944,45466,10941
2025-12,CH,27101944,142,34
2025-12,CH,27101946,29,7
2025-12,CN,27101948,0,0
2025-12,CV,27101948,0,0
2025-12,CY,27101944,250,60
2025-12,CY,27101947,0,0
2025-12,CZ,27101944,50632,12184
2025-12,CZ,27101947,0,0
2025-12,DE,27101944,482858,116197
2025-12,DE,27101946,27642,6652
2025-12,DE,27101947,13245,3187
2025-12,DE,27101948,27372,6587
2025-12,DK,27101944,73781,17755
2025-12,DK,27101947,3766,906
2025-12,DK,27101948,439,106
2025-12,EE,27101944,244,59
2025-12,EG,27101944,40380,9717
2025-12,EG,27101946,5373,1293
2025-12,ES,27101944,45914,11049
2025-12,ES,27101947,30579,7359
2025-12,FI,27101944,196597,47310
2025-12,FI,27101947,1247,300
2025-12,FR,27101944,29706,7149
2025-12,FR,27101946,116,28
2025-12,FR,27101947,3024,728
2025-12,FR,27101948,11389,2741
2025-12,GB,27101944,28907,6956
2025-12,GB,27101946,17,4
2025-12,GB,27101947,50874,12243
2025-12,GB,27101948,6425,1546
2025-12,GI,27101948,32009,7703
2025-12,GR,27101944,65014,15645
2025-12,GR,27101946,5084,1223
2025-12,GR,27101947,6314,1519
2025-12,GR,27101948,0,0
2025-12,HR,27101944,3425,824
2025-12,HU,27101944,2668,642
2025-12,HU,27101946,0,0
2025-12,IE,27101944,6909,1663
2025-12,IL,27101944,74549,17940
2025-12,IL,27101947,16490,3968
2025-12,IN,27101944,548269,131938
2025-12,IN,27101946,5183,1247
2025-12,IN,27101948,0,0
2025-12,IQ,27101948,560,135
2025-12,IT,27101944,282545,67993
2025-12,IT,27101947,20575,4951
2025-12,IT,27101948,2988,719
2025-12,JP,27101947,2,0
2025-12,KW,27101944,160837,38705
2025-12,LC,27101947,5816,1400
2025-12,LT,27101944,121288,29187
2025-12,LT,27101947,3302,795
2025-12,LU,27101944,1,0
2025-12,LU,27101948,0,0
2025-12,LV,27101944,5872,1413
2025-12,MX,27101947,93,22
2025-12,MY,27101944,14538,3499
2025-12,NL,27101944,787669,189549
2025-12,NL,27101946,53333,12834
2025-12,NL,27101947,99550,23956
2025-12,NL,27101948,19695,4740
2025-12,NO,27101944,22652,5451
2025-12,NO,27101947,82310,19808
2025-12,OM,27101944,109218,26283
2025-12,PE,27101947,0,0
2025-12,PL,27101944,39148,9421
2025-12,PL,27101947,3,1
2025-12,PT,27101947,42,10
2025-12,QA,27101944,127203,30611
2025-12,QV,27101944,1820,438
2025-12,QV,27101946,4,1
2025-12,QW,27101944,195658,47084
2025-12,QW,27101947,3439,828
2025-12,RO,27101944,6960,1675
2025-12,SA,27101944,792399,190687
2025-12,SA,27101946,5350,1287
2025-12,SA,27101947,24752,5957
2025-12,SE,27101944,125494,30200
2025-12,SE,27101947,9403,2263
2025-12,SG,27101944,21829,5253
2025-12,SI,27101944,124751,30021
2025-12,SI,27101947,10,2
2025-12,SI,27101948,0,0
2025-12,SK,27101944,48510,11674
2025-12,SK,27101947,2035,490
2025-12,TH,27101947,0,0
2025-12,TM,27101944,24839,5977
2025-12,TR,27101944,85678,20618
2025-12,TR,27101947,5752,1384
2025-12,TR,27101948,14050,3381
2025-12,US,27101944,592113,142489
2025-12,US,27101946,0,0
2025-12,US,27101947,23833,5735
2025-12,US,27101948,9,2
2025-12,UZ,27101944,5525,1330
2026-01,AE,27101944,20342,4895
2026-01,AO,27101944,0,0
2026-01,AR,27101948,0,0
2026-01,AT,27101944,18626,4482
2026-01,AT,27101946,0,0
2026-01,AT,27101947,0,0
2026-01,AT,27101948,1,0
2026-01,BE,27101944,165153,39743
2026-01,BE,27101946,8907,2143
2026-01,BE,27101947,177790,42784
2026-01,BE,27101948,74455,17917
2026-01,BG,27101944,25,6
2026-01,BG,27101946,0,0
2026-01,BG,27101947,0,0
2026-01,BH,27101944,373,90
2026-01,CA,27101944,59031,14206
2026-01,CH,27101944,644,155
2026-01,CH,27101946,277,67
2026-01,CH,27101947,2598,625
2026-01,CN,27101944,322,77
2026-01,CN,27101948,0,0
2026-01,CV,27101944,0,0
2026-01,CY,27101944,0,0
2026-01,CZ,27101944,37538,9033
2026-01,CZ,27101946,0,0
2026-01,CZ,27101947,0,0
2026-01,DE,27101944,477337,114869
2026-01,DE,27101946,17138,4124
2026-01,DE,27101947,11692,2814
2026-01,DE,27101948,36981,8899
2026-01,DK,27101944,143121,34441
2026-01,DK,27101946,0,0
2026-01,DK,27101947,585,141
2026-01,DK,27101948,234,56
2026-01,DZ,27101948,0,0
2026-01,EE,27101944,247,59
2026-01,EG,27101944,58369,14046
2026-01,EG,27101946,5926,1426
2026-01,ES,27101944,165218,39759
2026-01,ES,27101947,57331,13797
2026-01,FI,27101944,147132,35407
2026-01,FI,27101947,6491,1562
2026-01,FR,27101944,1587,382
2026-01,FR,27101947,636,153
2026-01,FR,27101948,8,2
2026-01,GB,27101944,27055,6511
2026-01,GB,27101946,36,9
2026-01,GB,27101947,16499,3970
2026-01,GB,27101948,3293,792
2026-01,GI,27101947,7371,1774
2026-01,GI,27101948,0,0
2026-01,GR,27101944,90838,21860
2026-01,GR,27101946,812,195
2026-01,GR,27101947,4078,981
2026-01,HR,27101944,7853,1890
2026-01,HR,27101947,0,0
2026-01,HU,27101944,1347,324
2026-01,HU,27101946,0,0
2026-01,HU,27101947,0,0
2026-01,ID,27101948,0,0
2026-01,IE,27101944,0,0
2026-01,IE,27101947,13159,3167
2026-01,IE,27101948,22321,5371
2026-01,IL,27101944,29510,7101
2026-01,IL,27101947,13110,3155
2026-01,IN,27101944,344883,82995
2026-01,IT,27101944,191854,46169
2026-01,IT,27101947,25915,6236
2026-01,JP,27101944,0,0
2026-01,JP,27101947,2,0
2026-01,KG,27101947,1840,443
2026-01,KR,27101944,6422,1545
2026-01,KW,27101944,212440,51123
2026-01,LT,27101944,190476,45837
2026-01,LT,27101947,3169,763
2026-01,LU,27101944,1,0
2026-01,LU,27101947,0,0
2026-01,LV,27101944,4762,1146
2026-01,LV,27101947,0,0
2026-01,MX,27101947,12173,2929
2026-01,MY,27101944,752,181
2026-01,MY,27101948,0,0
2026-01,NG,27101947,2074,499
2026-01,NL,27101944,487199,117242
2026-01,NL,27101946,17288,4160
2026-01,NL,27101947,164367,39554
2026-01,NL,27101948,70238,16902
2026-01,NO,27101944,13316,3205
2026-01,NO,27101947,91348,21982
2026-01,PL,27101944,37143,8938
2026-01,PL,27101947,0,0
2026-01,PT,27101944,0,0
2026-01,PT,27101946,0,0
2026-01,PT,27101947,63,15
2026-01,QA,27101944,129101,31068
2026-01,QP,27101946,5,1
2026-01,QV,27101944,62737,15097
2026-01,QV,27101946,14,3
2026-01,QW,27101944,98166,23623
2026-01,QW,27101947,820,197
2026-01,RO,27101944,9938,2392
2026-01,SA,27101944,1370562,329819
2026-01,SA,27101947,4835,1163
2026-01,SE,27101944,48266,11615
2026-01,SE,27101946,1,0
2026-01,SE,27101947,26965,6489
2026-01,SE,27101948,370,89
2026-01,SG,27101944,20801,5006
2026-01,SI,27101944,122432,29463
2026-01,SI,27101946,0,0
2026-01,SI,27101947,163,39
2026-01,SI,27101948,0,0
2026-01,SK,27101944,95026,22867
2026-01,SK,27101946,0,0
2026-01,SK,27101947,0,0
2026-01,TG,27101944,19904,4790
2026-01,TR,27101944,28495,6857
2026-01,TR,27101946,5585,1344
2026-01,US,27101944,741762,178501
2026-01,US,27101946,0,0
2026-01,US,27101947,30963,7451
2026-01,US,27101948,2,0
2026-01,UZ,27101944,13376,3219
2026-01,UZ,27101947,5389,1297
2026-02,AE,27101944,63797,16997
2026-02,AT,27101944,15149,4036
2026-02,AT,27101946,1,0
2026-02,AT,27101947,0,0
2026-02,AT,27101948,0,0
2026-02,BE,27101944,155991,41560
2026-02,BE,27101946,9695,2583
2026-02,BE,27101947,131088,34926
2026-02,BE,27101948,29059,7742
2026-02,BG,27101944,67663,18027
2026-02,BG,27101947,0,0
2026-02,BG,27101948,0,0
2026-02,BH,27101947,669,178
2026-02,CA,27101944,14336,3820
2026-02,CH,27101944,242,65
2026-02,CH,27101946,26,7
2026-02,CH,27101947,13,4
2026-02,CH,27101948,3,1
2026-02,CN,27101944,9858,2626
2026-02,CN,27101948,0,0
2026-02,CV,27101948,0,0
2026-02,CY,27101944,0,0
2026-02,CY,27101947,0,0
2026-02,CZ,27101944,23214,6185
2026-02,CZ,27101947,1,0
2026-02,DE,27101944,428050,114045
2026-02,DE,27101946,14336,3820
2026-02,DE,27101947,22199,5915
2026-02,DE,27101948,27948,7446
2026-02,DK,27101944,113194,30158
2026-02,DK,27101947,3590,957
2026-02,DK,27101948,239,64
2026-02,EE,27101944,552,147
2026-02,ES,27101944,80446,21433
2026-02,ES,27101947,4550,1212
2026-02,FI,27101944,224342,59771
2026-02,FI,27101947,18487,4925
2026-02,FI,27101948,3690,983
2026-02,FR,27101944,3284,875
2026-02,FR,27101946,1,0
2026-02,FR,27101947,1335,356
2026-02,FR,27101948,16,4
2026-02,GB,27101944,33560,8941
2026-02,GB,27101946,112,30
2026-02,GB,27101947,15382,4098
2026-02,GB,27101948,4628,1233
2026-02,GI,27101944,29926,7973
2026-02,GR,27101944,140458,37422
2026-02,GR,27101946,6160,1641
2026-02,GR,27101947,56866,15151
2026-02,GR,27101948,0,0
2026-02,HR,27101944,0,0
2026-02,HR,27101947,0,0
2026-02,HU,27101944,3011,802
2026-02,HU,27101946,0,0
2026-02,HU,27101947,0,0
2026-02,HU,27101948,0,0
2026-02,IE,27101944,0,0
2026-02,IE,27101947,23974,6387
2026-02,IL,27101944,25459,6783
2026-02,IL,27101947,11816,3148
2026-02,IN,27101944,120538,32115
2026-02,IT,27101944,329582,87810
2026-02,IT,27101946,1,0
2026-02,IT,27101947,12950,3450
2026-02,IT,27101948,58349,15546
2026-02,JP,27101947,2,1
2026-02,KR,27101944,5601,1492
2026-02,KW,27101944,208667,55595
2026-02,LT,27101944,160152,42669
2026-02,LT,27101947,5263,1402
2026-02,LU,27101944,0,0
2026-02,LU,27101947,0,0
2026-02,LV,27101944,4800,1279
2026-02,LV,27101947,0,0
2026-02,MX,27101947,4222,1125
2026-02,MX,27101948,0,0
2026-02,MY,27101944,253,68
2026-02,NL,27101944,495432,131997
2026-02,NL,27101946,26737,7124
2026-02,NL,27101947,148103,39459
2026-02,NL,27101948,25661,6837
2026-02,NO,27101944,13492,3595
2026-02,NO,27101947,63206,16840
2026-02,PE,27101948,0,0
2026-02,PL,27101944,23953,6382
2026-02,PL,27101947,19,5
2026-02,PL,27101948,0,0
2026-02,PT,27101944,0,0
2026-02,PT,27101947,45,12
2026-02,PT,27101948,0,0
2026-02,QA,27101944,116815,31123
2026-02,QP,27101946,17,5
2026-02,QV,27101944,42780,11398
2026-02,QV,27101946,22,6
2026-02,QW,27101944,241557,64358
2026-02,QW,27101947,435,116
2026-02,RO,27101944,10523,2804
2026-02,RO,27101946,7851,2092
2026-02,RO,27101947,0,0
2026-02,RU,27101947,52,14
2026-02,SA,27101944,1206487,321443
2026-02,SA,27101947,13722,3656
2026-02,SE,27101944,119343,31796
2026-02,SE,27101947,52562,14004
2026-02,SE,27101948,370,99
2026-02,SG,27101944,17298,4609
2026-02,SI,27101944,126305,33651
2026-02,SI,27101946,0,0
2026-02,SI,27101947,65,17
2026-02,SI,27101948,1,0
2026-02,SK,27101944,64723,17244
2026-02,SK,27101946,0,0
2026-02,SK,27101947,0,0
2026-02,SK,27101948,0,0
2026-02,TM,27101944,29557,7875
2026-02,TR,27101944,13574,3617
2026-02,TR,27101948,0,0
2026-02,US,27101944,936023,249383
2026-02,US,27101946,0,0
2026-02,US,27101947,61268,16323
2026-02,US,27101948,2,1
2026-02,UZ,27101944,17193,4581
2026-02,XS,27101944,4985,1328
2026-03,AE,27101944,75533,18177
2026-03,AE,27101947,2164,521
2026-03,AO,27101944,0,0
2026-03,AT,27101944,16808,4045
2026-03,AT,27101946,1,0
2026-03,AT,27101947,1,0
2026-03,AT,27101948,0,0
2026-03,AZ,27101946,5924,1426
2026-03,BE,27101944,290697,69955
2026-03,BE,27101946,5696,1371
2026-03,BE,27101947,194740,46863
2026-03,BE,27101948,81697,19660
2026-03,BG,27101944,62166,14960
2026-03,BG,27101946,1,0
2026-03,BG,27101947,0,0
2026-03,BH,27101947,8766,2109
2026-03,BR,27101947,4961,1194
2026-03,CA,27101944,31778,7647
2026-03,CH,27101944,433,104
2026-03,CH,27101946,80,19
2026-03,CH,27101947,2623,631
2026-03,CH,27101948,0,0
2026-03,CN,27101944,331,80
2026-03,CN,27101948,0,0
2026-03,CZ,27101944,22997,5534
2026-03,CZ,27101947,1,0
2026-03,DE,27101944,567011,136448
2026-03,DE,27101946,20744,4992
2026-03,DE,27101947,22295,5365
2026-03,DE,27101948,27426,6600
2026-03,DK,27101944,48183,11595
2026-03,DK,27101947,1026,247
2026-03,DK,27101948,258,62
2026-03,EE,27101944,725,174
2026-03,EG,27101944,34006,8183
2026-03,ES,27101944,85474,20569
2026-03,ES,27101947,36506,8785
2026-03,ES,27101948,2163,521
2026-03,FI,27101944,284011,68346
2026-03,FI,27101947,9300,2238
2026-03,FR,27101944,8488,2043
2026-03,FR,27101947,700,168
2026-03,FR,27101948,31,7
2026-03,GB,27101944,40878,9837
2026-03,GB,27101946,26,6
2026-03,GB,27101947,1,0
2026-03,GB,27101948,22028,5301
2026-03,GI,27101947,5500,1324
2026-03,GI,27101948,15142,3644
2026-03,GR,27101944,147051,35387
2026-03,GR,27101946,127,31
2026-03,GR,27101947,7346,1768
2026-03,HR,27101944,0,0
2026-03,HR,27101948,5545,1334
2026-03,HU,27101944,638,154
2026-03,HU,27101946,0,0
2026-03,HU,27101947,0,0
2026-03,HU,27101948,5545,1334
2026-03,ID,27101946,0,0
2026-03,IE,27101944,3327,801
2026-03,IE,27101947,0,0
2026-03,IE,27101948,6102,1469
2026-03,IL,27101944,14675,3531
2026-03,IL,27101947,10832,2607
2026-03,IN,27101944,231161,55628
2026-03,IT,27101944,277969,66892
2026-03,IT,27101947,975,235
2026-03,JP,27101944,0,0
2026-03,JP,27101947,3,1
2026-03,KR,27101944,525,126
2026-03,KW,27101944,733748,176573
2026-03,LT,27101944,123541,29730
2026-03,LT,27101947,814,196
2026-03,LU,27101944,0,0
2026-03,LV,27101944,3080,741
2026-03,LV,27101947,0,0
2026-03,MX,27101947,9266,2230
2026-03,MY,27101944,1083,261
2026-03,NL,27101944,913338,219790
2026-03,NL,27101946,30930,7443
2026-03,NL,27101947,181670,43718
2026-03,NL,27101948,39543,9516
2026-03,NO,27101944,9020,2171
2026-03,NO,27101946,0,0
2026-03,NO,27101947,37884,9117
2026-03,PL,27101944,17077,4110
2026-03,PL,27101947,11,3
2026-03,PT,27101944,20,5
2026-03,PT,27101947,0,0
2026-03,QA,27101944,177170,42635
2026-03,QP,27101946,1,0
2026-03,QV,27101944,29931,7203
2026-03,QV,27101946,4,1
2026-03,QW,27101944,155191,37346
2026-03,QW,27101947,40,10
2026-03,RO,27101944,3526,848
2026-03,RO,27101946,6049,1456
2026-03,RO,27101947,0,0
2026-03,SA,27101944,1272422,306202
2026-03,SA,27101947,41408,9965
2026-03,SE,27101944,209252,50356
2026-03,SE,27101946,11022,2652
2026-03,SE,27101947,23379,5626
2026-03,SE,27101948,3019,727
2026-03,SG,27101944,25447,6124
2026-03,SG,27101948,1,0
2026-03,SI,27101944,132919,31986
2026-03,SI,27101947,59,14
2026-03,SK,27101944,1881,453
2026-03,SK,27101947,0,0
2026-03,TR,27101944,100997,24305
2026-03,TR,27101947,0,0
2026-03,US,27101944,721964,173737
2026-03,US,27101946,0,0
2026-03,US,27101947,38483,9261
2026-03,US,27101948,8,2
2026-03,UZ,27101944,720,173
2026-03,XS,27101944,9160,2204
2026-03,ZA,27101947,17,4
2026-04,AT,27101944,10662,2651
2026-04,AT,27101946,1,0
2026-04,AT,27101947,1,0
2026-04,AT,27101948,1912,475
2026-04,AZ,27101946,5927,1474
2026-04,BE,27101944,255536,63543
2026-04,BE,27101946,7610,1892
2026-04,BE,27101947,120115,29869
2026-04,BE,27101948,286408,71220
2026-04,BG,27101944,38441,9559
2026-04,CA,27101944,32590,8104
2026-04,CH,27101944,1580,393
2026-04,CH,27101946,37,9
2026-04,CH,27101947,4,1
2026-04,CH,27101948,0,0
2026-04,CN,27101944,259,64
2026-04,CN,27101948,0,0
2026-04,CV,27101944,0,0
2026-04,CZ,27101944,15801,3929
2026-04,CZ,27101946,0,0
2026-04,CZ,27101947,0,0
2026-04,DE,27101944,552397,137363
2026-04,DE,27101946,16360,4068
2026-04,DE,27101947,31959,7947
2026-04,DE,27101948,15293,3803
2026-04,DK,27101944,82392,20488
2026-04,DK,27101946,0,0
2026-04,DK,27101947,2799,696
2026-04,DK,27101948,313,78
2026-04,EE,27101944,1412,351
2026-04,EG,27101944,115036,28606
2026-04,ES,27101944,20366,5064
2026-04,ES,27101947,25936,6449
2026-04,FI,27101944,219282,54528
2026-04,FI,27101947,97,24
2026-04,FR,27101944,2424,603
2026-04,FR,27101947,364,91
2026-04,FR,27101948,20,5
2026-04,GB,27101944,42392,10541
2026-04,GB,27101946,21,5
2026-04,GB,27101947,0,0
2026-04,GB,27101948,6716,1670
2026-04,GI,27101948,0,0
2026-04,GR,27101944,70440,17516
2026-04,GR,27101946,851,212
2026-04,GR,27101947,3580,890
2026-04,HR,27101944,4408,1096
2026-04,HR,27101947,0,0
2026-04,HR,27101948,11088,2757
2026-04,HU,27101944,0,0
2026-04,HU,27101947,0,0
2026-04,IE,27101944,0,0
2026-04,IE,27101947,0,0
2026-04,IL,27101944,16507,4105
2026-04,IL,27101947,16106,4005
2026-04,IN,27101944,28936,7196
2026-04,IT,27101944,253061,62928
2026-04,IT,27101947,39352,9786
2026-04,IT,27101948,34951,8691
2026-04,JP,27101947,3,1
2026-04,KR,27101944,12402,3084
2026-04,KR,27101947,153,38
2026-04,KW,27101944,80362,19983
2026-04,LT,27101944,149778,37245
2026-04,LT,27101947,1362,339
2026-04,LU,27101944,0,0
2026-04,LU,27101947,0,0
2026-04,LV,27101944,198,49
2026-04,LV,27101947,0,0
2026-04,MT,27101947,1850,460
2026-04,MX,27101947,8028,1996
2026-04,MX,27101948,0,0
2026-04,MY,27101944,929,231
2026-04,NL,27101944,610635,151845
2026-04,NL,27101946,4771,1186
2026-04,NL,27101947,140518,34942
2026-04,NO,27101944,57604,14324
2026-04,NO,27101947,58659,14587
2026-04,PL,27101944,1940,483
2026-04,PL,27101947,23,6
2026-04,PT,27101944,32999,8206
2026-04,QA,27101944,96268,23939
2026-04,QP,27101946,8,2
2026-04,QV,27101944,32629,8114
2026-04,QV,27101946,8,2
2026-04,QW,27101944,188854,46962
2026-04,QW,27101947,5759,1432
2026-04,RO,27101944,1749,435
2026-04,SA,27101944,740580,184158
2026-04,SA,27101947,19519,4854
2026-04,SE,27101944,182705,45433
2026-04,SE,27101946,9994,2485
2026-04,SE,27101947,27458,6828
2026-04,SE,27101948,33921,8435
2026-04,SG,27101944,22097,5495
2026-04,SI,27101944,110748,27539
2026-04,SI,27101947,1,0
2026-04,SK,27101944,34424,8560
2026-04,SK,27101947,0,0
2026-04,TM,27101944,29943,7446
2026-04,TR,27101944,76355,18987
2026-04,TR,27101946,0,0
2026-04,US,27101944,790764,196637
2026-04,US,27101946,9,2
2026-04,US,27101947,22742,5655
2026-04,US,27101948,12,3
2026-04,XS,27101944,11,3
2026-05,AE,27101944,0,0
2026-05,AE,27101947,9674,2328
2026-05,AT,27101944,14677,3532
2026-05,AT,27101946,2,1
2026-05,AT,27101947,2,1
2026-05,AT,27101948,3071,739
2026-05,AZ,27101946,6046,1455
2026-05,BE,27101944,308238,74176
2026-05,BE,27101946,10266,2470
2026-05,BE,27101947,103758,24969
2026-05,BE,27101948,118111,28423
2026-05,BG,27101944,25557,6150
2026-05,BG,27101947,5,1
2026-05,CA,27101944,32013,7704
2026-05,CA,27101948,0,0
2026-05,CH,27101944,442,106
2026-05,CH,27101946,63,15
2026-05,CH,27101947,1315,316
2026-05,CH,27101948,0,0
2026-05,CM,27101944,0,0
2026-05,CN,27101944,0,0
2026-05,CN,27101948,0,0
2026-05,CY,27101944,295,71
2026-05,CY,27101947,0,0
2026-05,CZ,27101944,15489,3727
2026-05,CZ,27101947,0,0
2026-05,DE,27101944,598622,144056
2026-05,DE,27101946,12689,3054
2026-05,DE,27101947,35474,8537
2026-05,DE,27101948,8816,2122
2026-05,DK,27101944,41443,9973
2026-05,DK,27101947,5428,1306
2026-05,DK,27101948,153,37
2026-05,EE,27101944,1083,261
2026-05,EG,27101944,69721,16778
2026-05,ES,27101944,27537,6627
2026-05,ES,27101947,1591,383
2026-05,FI,27101944,130811,31479
2026-05,FI,27101947,2418,582
2026-05,FR,27101944,2822,679
2026-05,FR,27101946,0,0
2026-05,FR,27101947,27168,6538
2026-05,FR,27101948,32,8
2026-05,GB,27101944,13506,3250
2026-05,GB,27101946,4,1
2026-05,GB,27101947,11936,2872
2026-05,GB,27101948,3474,836
2026-05,GR,27101944,32133,7733
2026-05,GR,27101946,1621,390
2026-05,GR,27101947,52897,12729
2026-05,HR,27101944,0,0
2026-05,HR,27101946,0,0
2026-05,HR,27101947,0,0
2026-05,HU,27101944,18231,4387
2026-05,HU,27101947,0,0
2026-05,ID,27101944,0,0
2026-05,IE,27101944,0,0
2026-05,IE,27101947,0,0
2026-05,IL,27101944,60906,14657
2026-05,IL,27101947,17207,4141
2026-05,IN,27101944,0,0
2026-05,IT,27101944,198153,47685
2026-05,IT,27101946,1,0
2026-05,IT,27101947,4647,1118
2026-05,IT,27101948,7815,1881
2026-05,KR,27101944,6140,1478
2026-05,KR,27101947,154,37
2026-05,KW,27101944,7752,1865
2026-05,LC,27101947,4144,997
2026-05,LT,27101944,177386,42687
2026-05,LT,27101947,1321,318
2026-05,LU,27101944,0,0
2026-05,LU,27101947,0,0
2026-05,LV,27101944,283,68
2026-05,LV,27101947,26,6
2026-05,MX,27101944,34787,8371
2026-05,MX,27101947,122,29
2026-05,MX,27101948,0,0
2026-05,MY,27101944,950,229
2026-05,NL,27101944,667697,160678
2026-05,NL,27101946,49509,11914
2026-05,NL,27101947,155152,37337
2026-05,NL,27101948,118335,28477
2026-05,NO,27101944,64806,15595
2026-05,NO,27101947,51343,12355
2026-05,OM,27101947,8939,2151
2026-05,PL,27101944,794,191
2026-05,PL,27101946,3,1
2026-05,PL,27101947,141,34
2026-05,PT,27101944,1,0
2026-05,PT,27101947,38,9
2026-05,QA,27101944,398,96
2026-05,QP,27101944,104,25
2026-05,QV,27101944,24082,5795
2026-05,QW,27101944,306430,73741
2026-05,QW,27101947,5125,1233
2026-05,RO,27101944,7034,1693
2026-05,RO,27101947,3,1
2026-05,SA,27101944,1005754,242030
2026-05,SE,27101944,168804,40622
2026-05,SE,27101947,24680,5939
2026-05,SE,27101948,2917,702
2026-05,SG,27101944,25739,6194
2026-05,SG,27101947,38117,9173
2026-05,SI,27101944,81083,19512
2026-05,SI,27101947,0,0
2026-05,SK,27101944,87594,21079
2026-05,SK,27101947,0,0
2026-05,TM,27101944,9956,2396
2026-05,TR,27101944,67094,16146
2026-05,UG,27101947,0,0
2026-05,US,27101944,972829,234107
2026-05,US,27101946,39,9
2026-05,US,27101947,23754,5716
2026-05,US,27101948,80,19
2026-05,UZ,27101944,59,14
2026-05,XS,27101944,2641,636
2026-05,ZA,27101944,0,0
2026-06,AT,27101944,18258,4540
2026-06,AT,27101946,1,0
2026-06,AT,27101947,2,0
2026-06,AT,27101948,0,0
2026-06,AZ,27101944,202,50
2026-06,BE,27101944,234043,58199
2026-06,BE,27101946,14428,3588
2026-06,BE,27101947,224815,55904
2026-06,BE,27101948,57724,14354
2026-06,BG,27101944,43365,10783
2026-06,BG,27101947,0,0
2026-06,CA,27101944,54935,13660
2026-06,CH,27101944,97,24
2026-06,CH,27101946,0,0
2026-06,CH,27101947,1398,348
2026-06,CH,27101948,10,3
2026-06,CN,27101944,0,0
2026-06,CN,27101948,0,0
2026-06,CZ,27101944,32486,8078
2026-06,CZ,27101946,0,0
2026-06,CZ,27101947,1,0
2026-06,DE,27101944,509290,126643
2026-06,DE,27101946,17713,4405
2026-06,DE,27101947,3539,880
2026-06,DE,27101948,14458,3595
2026-06,DK,27101944,76296,18972
2026-06,DK,27101946,5343,1329
2026-06,DK,27101947,5966,1483
2026-06,DK,27101948,218,54
2026-06,EE,27101944,230,57
2026-06,EE,27101947,146,36
2026-06,EG,27101944,62030,15425
2026-06,ES,27101944,79010,19647
2026-06,ES,27101946,1,0
2026-06,ES,27101947,31145,7745
2026-06,ES,27101948,0,0
2026-06,FI,27101944,140362,34903
2026-06,FI,27101947,73,18
2026-06,FR,27101944,3202,796
2026-06,FR,27101946,1,0
2026-06,FR,27101947,9104,2264
2026-06,FR,27101948,3426,852
2026-06,GB,27101944,44260,11006
2026-06,GB,27101946,19,5
2026-06,GB,27101947,32199,8007
2026-06,GB,27101948,29613,7364
2026-06,GR,27101944,72354,17992
2026-06,GR,27101946,3583,891
2026-06,GR,27101947,838,208
2026-06,HR,27101944,103,26
2026-06,HR,27101947,0,0
2026-06,HU,27101944,153,38
2026-06,HU,27101946,0,0
2026-06,HU,27101947,0,0
2026-06,ID,27101946,0,0
2026-06,IE,27101944,0,0
2026-06,IE,27101947,0,0
2026-06,IL,27101944,61931,15400
2026-06,IL,27101947,11588,2882
2026-06,IN,27101944,0,0
2026-06,IT,27101944,226261,56264
2026-06,IT,27101947,19918,4953
2026-06,JP,27101947,4,1
2026-06,KR,27101944,256,64
2026-06,KR,27101947,371,92
2026-06,KW,27101944,21809,5423
2026-06,KZ,27101944,2,1
2026-06,LT,27101944,169118,42054
2026-06,LT,27101946,0,0
2026-06,LT,27101947,1365,340
2026-06,LU,27101944,1,0
2026-06,LU,27101947,3,1
2026-06,LV,27101944,287,71
2026-06,MX,27101947,137,34
2026-06,MY,27101944,44,11
2026-06,MY,27101947,0,0
2026-06,NL,27101944,626686,155836
2026-06,NL,27101946,14850,3693
2026-06,NL,27101947,200509,49860
2026-06,NL,27101948,44509,11068
2026-06,NO,27101944,36940,9186
2026-06,NO,27101947,45136,11224
2026-06,PL,27101944,8693,2162
2026-06,PL,27101948,0,0
2026-06,PT,27101944,1,0
2026-06,PT,27101947,1,0
2026-06,QV,27101944,4,1
2026-06,QW,27101944,217947,54196
2026-06,QW,27101947,15199,3780
2026-06,RO,27101944,7922,1970
2026-06,RO,27101946,17714,4405
2026-06,RO,27101947,0,0
2026-06,SA,27101944,908161,225829
2026-06,SE,27101944,44714,11119
2026-06,SE,27101947,13526,3364
2026-06,SE,27101948,748,186
2026-06,SG,27101944,29637,7370
2026-06,SI,27101944,84209,20940
2026-06,SI,27101946,1,0
2026-06,SI,27101947,0,0
2026-06,SI,27101948,0,0
2026-06,SK,27101944,87170,21676
2026-06,SK,27101947,0,0
2026-06,TR,27101944,129882,32297
2026-06,US,27101944,852966,212104
2026-06,US,27101946,0,0
2026-06,US,27101947,14712,3658
2026-06,US,27101948,5,1
2026-06,VI,27101947,5733,1426
2026-06,XS,27101944,7341,1826
