importer,partner,month,tonnes,barrels_per_day
Angola,Qatar,202501,0,0
Angola,Saudi Arabia,202501,642,154
Angola,Saudi Arabia,202502,406,108
Angola,Saudi Arabia,202505,215,52
Angola,Saudi Arabia,202506,250,62
Angola,Saudi Arabia,202508,259,62
Angola,Saudi Arabia,202509,216,54
Angola,Saudi Arabia,202510,129,31
Angola,Saudi Arabia,202511,128,32
Angola,Saudi Arabia,202601,520,125
Angola,Saudi Arabia,202602,119,32
Angola,Saudi Arabia,202603,119,29
Angola,Saudi Arabia,202604,237,59
Angola,UAE,202501,647,156
Angola,UAE,202502,3653,973
Angola,UAE,202503,1325,319
Angola,UAE,202504,1716,427
Angola,UAE,202505,1123,270
Angola,UAE,202506,988,246
Angola,UAE,202507,921,222
Angola,UAE,202508,658,158
Angola,UAE,202509,1020,254
Angola,UAE,202510,1768,426
Angola,UAE,202511,1274,317
Angola,UAE,202512,1820,438
Angola,UAE,202601,1536,370
Angola,UAE,202602,972,259
Angola,UAE,202603,1809,435
Angola,UAE,202604,373,93
Angola,World,202501,2902,698
Angola,World,202502,5678,1513
Angola,World,202503,2454,590
Angola,World,202504,3846,956
Angola,World,202505,5061,1218
Angola,World,202506,4976,1237
Angola,World,202507,3489,840
Angola,World,202508,4280,1030
Angola,World,202509,4179,1039
Angola,World,202510,4818,1160
Angola,World,202511,3703,921
Angola,World,202512,4217,1015
Angola,World,202602,2930,781
Angola,World,202603,4678,1126
Angola,World,202604,3330,828
Australia,Bahrain,202501,29,7
Australia,Bahrain,202502,8,2
Australia,Bahrain,202503,35,9
Australia,Bahrain,202504,34,8
Australia,Bahrain,202505,16,4
Australia,Bahrain,202508,18,4
Australia,Bahrain,202509,23,6
Australia,Bahrain,202510,15,4
Australia,Bahrain,202511,18,4
Australia,Bahrain,202512,97525,23469
Australia,Bahrain,202602,18,5
Australia,Oman,202501,48371,11640
Australia,Oman,202502,85378,22747
Australia,Oman,202604,51001,12682
Australia,Qatar,202508,23,6
Australia,Qatar,202601,23,6
Australia,Qatar,202602,21,6
Australia,Qatar,202603,46,11
Australia,Saudi Arabia,202501,41,10
Australia,Saudi Arabia,202505,20,5
Australia,Saudi Arabia,202508,20,5
Australia,Saudi Arabia,202510,20,5
Australia,Saudi Arabia,202602,20,5
Australia,UAE,202501,122458,29469
Australia,UAE,202502,708,189
Australia,UAE,202503,430,104
Australia,UAE,202504,110539,27487
Australia,UAE,202505,376,91
Australia,UAE,202506,123748,30772
Australia,UAE,202507,237311,57108
Australia,UAE,202508,5832,1403
Australia,UAE,202509,7255,1804
Australia,UAE,202510,693,167
Australia,UAE,202511,120736,30023
Australia,UAE,202512,131429,31628
Australia,UAE,202601,115300,27746
Australia,UAE,202602,603,161
Australia,UAE,202603,184,44
Australia,UAE,202604,336,84
Australia,UAE,202605,7,2
Australia,UAE,202606,176,44
Australia,UAE,202607,128,31
Australia,World,202501,3453540,831078
Australia,World,202502,2631015,700978
Australia,World,202503,3187508,767058
Australia,World,202504,3166956,787516
Australia,World,202505,3393397,816605
Australia,World,202506,3221933,801187
Australia,World,202507,3570772,859289
Australia,World,202508,3439498,827698
Australia,World,202509,3466581,862023
Australia,World,202510,3437112,827124
Australia,World,202511,3017170,750270
Australia,World,202512,3779931,909622
Australia,World,202601,3497257,841598
Australia,World,202602,3266425,870269
Australia,World,202603,2950517,710028
Australia,World,202604,3774501,938593
Australia,World,202605,3765072,906046
Australia,World,202606,3313451,823945
Australia,World,202607,3430229,825468
Cote d'Ivoire,Iran,202505,0,0
Cote d'Ivoire,Iran,202510,117,28
Cote d'Ivoire,Oman,202605,217,52
Cote d'Ivoire,Qatar,202509,16,4
Cote d'Ivoire,Saudi Arabia,202504,19,5
Cote d'Ivoire,Saudi Arabia,202507,0,0
Cote d'Ivoire,Saudi Arabia,202510,96,23
Cote d'Ivoire,Saudi Arabia,202511,236,59
Cote d'Ivoire,Saudi Arabia,202605,19,5
Cote d'Ivoire,UAE,202501,2389,575
Cote d'Ivoire,UAE,202502,3134,835
Cote d'Ivoire,UAE,202503,2908,700
Cote d'Ivoire,UAE,202504,2567,638
Cote d'Ivoire,UAE,202505,2838,683
Cote d'Ivoire,UAE,202506,2432,605
Cote d'Ivoire,UAE,202507,2419,582
Cote d'Ivoire,UAE,202508,2180,525
Cote d'Ivoire,UAE,202509,3828,952
Cote d'Ivoire,UAE,202510,2220,534
Cote d'Ivoire,UAE,202511,2081,517
Cote d'Ivoire,UAE,202512,3452,831
Cote d'Ivoire,UAE,202601,1817,437
Cote d'Ivoire,UAE,202602,6749,1798
Cote d'Ivoire,UAE,202603,2790,671
Cote d'Ivoire,UAE,202604,760,189
Cote d'Ivoire,UAE,202605,271,65
Cote d'Ivoire,World,202501,5424,1305
Cote d'Ivoire,World,202502,31244,8324
Cote d'Ivoire,World,202503,20058,4827
Cote d'Ivoire,World,202504,47704,11862
Cote d'Ivoire,World,202505,31621,7609
Cote d'Ivoire,World,202506,25687,6388
Cote d'Ivoire,World,202507,13938,3354
Cote d'Ivoire,World,202508,20485,4930
Cote d'Ivoire,World,202509,11784,2930
Cote d'Ivoire,World,202510,13098,3152
Cote d'Ivoire,World,202511,20705,5149
Cote d'Ivoire,World,202512,11184,2691
Cote d'Ivoire,World,202601,20640,4967
Cote d'Ivoire,World,202602,26001,6928
Cote d'Ivoire,World,202603,32440,7807
Cote d'Ivoire,World,202604,9809,2439
Cote d'Ivoire,World,202605,19015,4576
EU27,Bahrain,202501,10825,2605
EU27,Bahrain,202502,15011,3999
EU27,Bahrain,202503,23546,5666
EU27,Bahrain,202504,2835,705
EU27,Bahrain,202505,14492,3487
EU27,Bahrain,202506,14141,3516
EU27,Bahrain,202507,18039,4341
EU27,Bahrain,202508,3887,935
EU27,Bahrain,202509,11070,2753
EU27,Bahrain,202510,14712,3540
EU27,Bahrain,202511,14649,3643
EU27,Bahrain,202512,78349,18854
EU27,Bahrain,202601,66045,15894
EU27,Bahrain,202602,17362,4626
EU27,Bahrain,202603,147875,35585
EU27,Bahrain,202604,8695,2162
EU27,Bahrain,202605,0,0
EU27,Bahrain,202606,0,0
EU27,Bahrain,202607,0,0
EU27,Iran,202502,63,17
EU27,Iran,202503,63,15
EU27,Iran,202504,0,0
EU27,Iran,202506,63,16
EU27,Iran,202507,42,10
EU27,Iran,202508,53,13
EU27,Iran,202509,0,0
EU27,Iran,202510,21,5
EU27,Iran,202511,41,10
EU27,Iraq,202501,296542,71361
EU27,Iraq,202502,249851,66568
EU27,Iraq,202503,220788,53131
EU27,Iraq,202504,322819,80274
EU27,Iraq,202505,300791,72384
EU27,Iraq,202506,237495,59057
EU27,Iraq,202507,354430,85292
EU27,Iraq,202508,237769,57218
EU27,Iraq,202509,154489,38416
EU27,Iraq,202510,143724,34586
EU27,Iraq,202511,97674,24288
EU27,Iraq,202512,113149,27229
EU27,Iraq,202601,80706,19422
EU27,Iraq,202602,115289,30716
EU27,Iraq,202603,236164,56832
EU27,Iraq,202604,114512,28475
EU27,Iraq,202605,184369,44368
EU27,Iraq,202606,168264,41842
EU27,Iraq,202607,221915,53403
EU27,Kuwait,202501,826614,198921
EU27,Kuwait,202502,1070907,285320
EU27,Kuwait,202503,651431,156764
EU27,Kuwait,202504,900974,224042
EU27,Kuwait,202505,1048555,252330
EU27,Kuwait,202506,1192788,296607
EU27,Kuwait,202507,1145016,275543
EU27,Kuwait,202508,897219,215911
EU27,Kuwait,202509,913904,227258
EU27,Kuwait,202510,987881,237729
EU27,Kuwait,202511,503656,125243
EU27,Kuwait,202512,697463,167841
EU27,Kuwait,202601,319350,76850
EU27,Kuwait,202602,675881,180074
EU27,Kuwait,202603,1303387,313654
EU27,Kuwait,202604,220318,54786
EU27,Kuwait,202605,21171,5095
EU27,Kuwait,202606,32426,8063
EU27,Kuwait,202607,504990,121523
EU27,Oman,202501,5588,1345
EU27,Oman,202502,98758,26312
EU27,Oman,202503,98913,23803
EU27,Oman,202504,223852,55665
EU27,Oman,202505,53275,12820
EU27,Oman,202506,1278,318
EU27,Oman,202507,10187,2451
EU27,Oman,202508,31907,7678
EU27,Oman,202509,93513,23254
EU27,Oman,202510,101960,24536
EU27,Oman,202511,100182,24912
EU27,Oman,202512,206064,49588
EU27,Oman,202601,0,0
EU27,Oman,202602,11360,3027
EU27,Oman,202603,28529,6865
EU27,Oman,202604,25051,6229
EU27,Oman,202605,15397,3705
EU27,Oman,202606,151790,37745
EU27,Oman,202607,210176,50578
EU27,Qatar,202501,156359,37627
EU27,Qatar,202502,139070,37052
EU27,Qatar,202503,241318,58072
EU27,Qatar,202504,80245,19954
EU27,Qatar,202505,219530,52829
EU27,Qatar,202506,159358,39627
EU27,Qatar,202507,132423,31867
EU27,Qatar,202508,131702,31693
EU27,Qatar,202509,220639,54865
EU27,Qatar,202510,122829,29558
EU27,Qatar,202511,194301,48316
EU27,Qatar,202512,157281,37849
EU27,Qatar,202601,150914,36317
EU27,Qatar,202602,146602,39059
EU27,Qatar,202603,237628,57184
EU27,Qatar,202604,96603,24022
EU27,Qatar,202605,398,96
EU27,Qatar,202606,110,27
EU27,Qatar,202607,2608,628
EU27,Saudi Arabia,202501,481693,115917
EU27,Saudi Arabia,202502,573889,152900
EU27,Saudi Arabia,202503,1214464,292255
EU27,Saudi Arabia,202504,1553909,386405
EU27,Saudi Arabia,202505,1472860,354437
EU27,Saudi Arabia,202506,827470,205764
EU27,Saudi Arabia,202507,1289571,310329
EU27,Saudi Arabia,202508,1289667,310352
EU27,Saudi Arabia,202509,1217708,302803
EU27,Saudi Arabia,202510,1328363,319664
EU27,Saudi Arabia,202511,1208645,300550
EU27,Saudi Arabia,202512,963001,231741
EU27,Saudi Arabia,202601,1587536,382033
EU27,Saudi Arabia,202602,1275643,339868
EU27,Saudi Arabia,202603,1333723,320954
EU27,Saudi Arabia,202604,794264,197507
EU27,Saudi Arabia,202605,1088724,261996
EU27,Saudi Arabia,202606,1116397,277611
EU27,Saudi Arabia,202607,527957,127050
EU27,UAE,202501,422005,101553
EU27,UAE,202502,280045,74612
EU27,UAE,202503,235735,56728
EU27,UAE,202504,391050,97241
EU27,UAE,202505,558308,134354
EU27,UAE,202506,357234,88832
EU27,UAE,202507,286350,68909
EU27,UAE,202508,357307,85984
EU27,UAE,202509,272708,67813
EU27,UAE,202510,185283,44587
EU27,UAE,202511,326759,81254
EU27,UAE,202512,209380,50386
EU27,UAE,202601,202403,48707
EU27,UAE,202602,209069,55702
EU27,UAE,202603,266955,64241
EU27,UAE,202604,6407,1593
EU27,UAE,202605,121753,29299
EU27,UAE,202606,1525,379
EU27,UAE,202607,209168,50335
Egypt,Bahrain,202502,26,7
Egypt,Bahrain,202503,64,15
Egypt,Bahrain,202504,12,3
Egypt,Bahrain,202505,25,6
Egypt,Bahrain,202506,26,6
Egypt,Bahrain,202507,26,6
Egypt,Bahrain,202508,13,3
Egypt,Bahrain,202602,12,3
Egypt,Bahrain,202604,24,6
Egypt,Bahrain,202605,12,3
Egypt,Bahrain,202606,18,5
Egypt,Kuwait,202507,0,0
Egypt,Kuwait,202512,15,4
Egypt,Oman,202501,10,2
Egypt,Oman,202506,8,2
Egypt,Oman,202507,16,4
Egypt,Oman,202508,20,5
Egypt,Oman,202509,235,58
Egypt,Oman,202510,134,32
Egypt,Oman,202511,67,17
Egypt,Oman,202512,64,15
Egypt,Oman,202602,0,0
Egypt,Oman,202603,17,4
Egypt,Oman,202604,9,2
Egypt,Oman,202606,57,14
Egypt,Qatar,202501,235,57
Egypt,Qatar,202503,237,57
Egypt,Qatar,202505,21,5
Egypt,Qatar,202506,460,114
Egypt,Qatar,202509,743,185
Egypt,Qatar,202511,425,106
Egypt,Qatar,202512,66,16
Egypt,Qatar,202601,632,152
Egypt,Qatar,202602,102,27
Egypt,Qatar,202603,31,7
Egypt,Qatar,202604,545,136
Egypt,Qatar,202605,36,9
Egypt,Qatar,202606,91,23
Egypt,Saudi Arabia,202501,16809,4045
Egypt,Saudi Arabia,202502,45090,12013
Egypt,Saudi Arabia,202503,67058,16137
Egypt,Saudi Arabia,202504,73453,18265
Egypt,Saudi Arabia,202505,15138,3643
Egypt,Saudi Arabia,202506,184308,45831
Egypt,Saudi Arabia,202507,176621,42503
Egypt,Saudi Arabia,202508,96688,23267
Egypt,Saudi Arabia,202509,68661,17074
Egypt,Saudi Arabia,202510,16126,3881
Egypt,Saudi Arabia,202511,1381,343
Egypt,Saudi Arabia,202512,8731,2101
Egypt,Saudi Arabia,202601,2766,666
Egypt,Saudi Arabia,202602,1981,528
Egypt,Saudi Arabia,202603,21487,5171
Egypt,Saudi Arabia,202604,3722,925
Egypt,Saudi Arabia,202605,230,55
Egypt,Saudi Arabia,202606,4345,1081
Egypt,UAE,202501,1149,277
Egypt,UAE,202502,1120,298
Egypt,UAE,202503,874,210
Egypt,UAE,202504,612,152
Egypt,UAE,202505,694,167
Egypt,UAE,202506,499,124
Egypt,UAE,202507,1398,336
Egypt,UAE,202508,625,150
Egypt,UAE,202509,841,209
Egypt,UAE,202510,814,196
Egypt,UAE,202511,625,155
Egypt,UAE,202512,504,121
Egypt,UAE,202601,451,109
Egypt,UAE,202602,294,78
Egypt,UAE,202603,431,104
Egypt,UAE,202604,449,112
Egypt,UAE,202605,321,77
Egypt,UAE,202606,506,126
Egypt,World,202501,33895,8157
Egypt,World,202502,59386,15822
Egypt,World,202503,82328,19812
Egypt,World,202504,84766,21078
Egypt,World,202505,25997,6256
Egypt,World,202506,196715,48916
Egypt,World,202507,192215,46256
Egypt,World,202508,107821,25947
Egypt,World,202509,81936,20375
Egypt,World,202510,28601,6883
Egypt,World,202511,10643,2646
Egypt,World,202512,15363,3697
Egypt,World,202601,14050,3381
Egypt,World,202602,10238,2728
Egypt,World,202603,33757,8123
Egypt,World,202604,19302,4800
Egypt,World,202605,15381,3701
Egypt,World,202606,14151,3519
Ghana,Bahrain,202501,12904,3105
Ghana,Bahrain,202502,32354,8620
Ghana,Bahrain,202503,16759,4033
Ghana,Bahrain,202504,26109,6493
Ghana,Bahrain,202505,47480,11426
Ghana,Bahrain,202506,88765,22073
Ghana,Bahrain,202507,19392,4667
Ghana,Bahrain,202508,64139,15435
Ghana,Bahrain,202509,68088,16931
Ghana,Bahrain,202510,24018,5780
Ghana,Bahrain,202511,52882,13150
Ghana,Bahrain,202512,94819,22818
Ghana,Bahrain,202601,22137,5327
Ghana,Bahrain,202602,23496,6260
Ghana,Oman,202512,14192,3415
Ghana,Oman,202601,2,1
Ghana,Oman,202603,8110,1952
Ghana,Saudi Arabia,202501,49741,11970
Ghana,Saudi Arabia,202502,5943,1583
Ghana,Saudi Arabia,202503,77,18
Ghana,Saudi Arabia,202506,7170,1783
Ghana,Saudi Arabia,202509,4771,1186
Ghana,Saudi Arabia,202511,21,5
Ghana,UAE,202501,137975,33203
Ghana,UAE,202502,78131,20816
Ghana,UAE,202503,85427,20558
Ghana,UAE,202504,117129,29126
Ghana,UAE,202505,55515,13359
Ghana,UAE,202506,65260,16228
Ghana,UAE,202507,4587,1104
Ghana,UAE,202508,53536,12883
Ghana,UAE,202509,42096,10468
Ghana,UAE,202510,70830,17045
Ghana,UAE,202511,10826,2692
Ghana,UAE,202512,9047,2177
Ghana,UAE,202601,61991,14918
Ghana,UAE,202602,141536,37709
Ghana,UAE,202603,36921,8885
Ghana,World,202501,364706,87765
Ghana,World,202502,314380,83760
Ghana,World,202503,295654,71148
Ghana,World,202504,345039,85800
Ghana,World,202505,280306,67454
Ghana,World,202506,403092,100236
Ghana,World,202507,341693,82227
Ghana,World,202508,450939,108516
Ghana,World,202510,203015,48855
Ghana,World,202511,207655,51637
Ghana,World,202512,266237,64069
Ghana,World,202601,323825,77927
Ghana,World,202602,301552,80342
Ghana,World,202603,255490,61482
Hong Kong,Qatar,202501,64501,15522
Hong Kong,Qatar,202503,76837,18490
Hong Kong,Qatar,202504,23133,5752
Hong Kong,Qatar,202505,20997,5053
Hong Kong,Qatar,202507,14862,3576
Hong Kong,Qatar,202508,22067,5310
Hong Kong,Qatar,202509,39038,9707
Hong Kong,Qatar,202510,89527,21544
Hong Kong,Qatar,202601,94352,22705
Hong Kong,Qatar,202602,18948,5048
Hong Kong,Qatar,202604,52177,12975
Hong Kong,Qatar,202605,33888,8155
Hong Kong,UAE,202501,59,14
Hong Kong,UAE,202503,48,12
Hong Kong,UAE,202505,25,6
Hong Kong,UAE,202506,35,9
Hong Kong,UAE,202507,23,6
Hong Kong,UAE,202508,1,0
Hong Kong,UAE,202509,34,8
Hong Kong,UAE,202510,51,12
Hong Kong,UAE,202511,24,6
Hong Kong,UAE,202512,1,0
Hong Kong,UAE,202601,13,3
Hong Kong,UAE,202602,1,0
Hong Kong,UAE,202603,13,3
Hong Kong,UAE,202604,0,0
Hong Kong,World,202501,1289920,310413
Hong Kong,World,202502,1470643,391821
Hong Kong,World,202503,1534847,369354
Hong Kong,World,202504,1479534,367911
Hong Kong,World,202505,1368102,329227
Hong Kong,World,202506,1529898,380435
Hong Kong,World,202507,1475377,355042
Hong Kong,World,202508,1572482,378410
Hong Kong,World,202509,1445453,359436
Hong Kong,World,202510,1549109,372786
Hong Kong,World,202511,1403825,349084
Hong Kong,World,202512,1750610,421276
Hong Kong,World,202601,1395164,335740
Hong Kong,World,202602,1523527,405911
Hong Kong,World,202603,1629703,392180
Hong Kong,World,202604,1236991,307599
Hong Kong,World,202605,1180653,284118
Hong Kong,World,202606,1185904,294895
Hong Kong,World,202607,1410487,339427
India,Bahrain,202501,1409,339
India,Bahrain,202502,2173,579
India,Bahrain,202503,2995,721
India,Bahrain,202504,2696,670
India,Bahrain,202505,4438,1068
India,Bahrain,202506,3741,930
India,Bahrain,202507,1461,352
India,Bahrain,202508,1887,454
India,Bahrain,202509,1744,434
India,Bahrain,202510,1723,415
India,Bahrain,202511,1353,337
India,Bahrain,202512,2063,497
India,Bahrain,202601,2024,487
India,Bahrain,202602,577,154
India,Bahrain,202603,1604,386
India,Bahrain,202604,40,10
India,Bahrain,202605,612,147
India,Bahrain,202606,172,43
India,Bahrain,202607,360,87
India,Iran,202501,11615,2795
India,Iran,202504,5923,1473
India,Iran,202505,4997,1203
India,Iran,202508,5486,1320
India,Iran,202603,500,120
India,Iraq,202501,129147,31079
India,Iraq,202502,9953,2652
India,Iraq,202503,573398,137985
India,Iraq,202504,6433,1600
India,Iraq,202505,8204,1974
India,Iraq,202506,15651,3892
India,Iraq,202507,45594,10972
India,Iraq,202508,130005,31285
India,Iraq,202509,106021,26364
India,Iraq,202510,371910,89498
India,Iraq,202511,5700,1417
India,Iraq,202512,108591,26132
India,Iraq,202601,543786,130860
India,Iraq,202602,295836,78819
India,Iraq,202603,296096,71254
India,Iraq,202604,35770,8895
India,Iraq,202605,70317,16921
India,Iraq,202606,35637,8862
India,Iraq,202607,66320,15960
India,Kuwait,202501,17894,4306
India,Kuwait,202502,17285,4605
India,Kuwait,202503,19874,4783
India,Kuwait,202504,23023,5725
India,Kuwait,202505,24242,5834
India,Kuwait,202506,14674,3649
India,Kuwait,202507,5786,1392
India,Kuwait,202508,11318,2724
India,Kuwait,202509,8692,2161
India,Kuwait,202510,5160,1242
India,Kuwait,202511,3990,992
India,Kuwait,202512,4592,1105
India,Kuwait,202601,17971,4325
India,Kuwait,202602,4122,1098
India,Kuwait,202603,102064,24561
India,Kuwait,202604,79790,19841
India,Kuwait,202605,35166,8463
India,Kuwait,202606,1304,324
India,Kuwait,202607,242,58
India,Oman,202501,5531,1331
India,Oman,202502,14823,3949
India,Oman,202503,48506,11673
India,Oman,202504,39640,9857
India,Oman,202505,35692,8589
India,Oman,202506,23416,5823
India,Oman,202507,37052,8916
India,Oman,202508,36593,8806
India,Oman,202509,21021,5227
India,Oman,202510,11029,2654
India,Oman,202511,29822,7416
India,Oman,202512,20328,4892
India,Oman,202601,34960,8413
India,Oman,202602,39979,10652
India,Oman,202603,60989,14677
India,Oman,202604,34907,8680
India,Oman,202605,62033,14928
India,Oman,202606,30317,7539
India,Oman,202607,39436,9490
India,Qatar,202501,8714,2097
India,Qatar,202502,9565,2548
India,Qatar,202503,27179,6540
India,Qatar,202504,15807,3931
India,Qatar,202505,18879,4543
India,Qatar,202506,21304,5298
India,Qatar,202507,8960,2156
India,Qatar,202508,5745,1383
India,Qatar,202509,24959,6206
India,Qatar,202510,8636,2078
India,Qatar,202511,19094,4748
India,Qatar,202512,28625,6889
India,Qatar,202601,4276,1029
India,Qatar,202602,11920,3176
India,Qatar,202603,17645,4246
India,Qatar,202604,2689,669
India,Qatar,202605,3193,768
India,Qatar,202606,1250,311
India,Qatar,202607,641,154
India,Saudi Arabia,202501,24379,5867
India,Saudi Arabia,202502,23923,6374
India,Saudi Arabia,202503,16879,4062
India,Saudi Arabia,202504,34719,8634
India,Saudi Arabia,202505,27517,6622
India,Saudi Arabia,202506,22574,5613
India,Saudi Arabia,202507,18742,4510
India,Saudi Arabia,202508,21266,5118
India,Saudi Arabia,202509,30279,7529
India,Saudi Arabia,202510,23549,5667
India,Saudi Arabia,202511,20231,5031
India,Saudi Arabia,202512,12294,2959
India,Saudi Arabia,202601,6888,1658
India,Saudi Arabia,202602,17469,4654
India,Saudi Arabia,202603,29658,7137
India,Saudi Arabia,202604,117544,29229
India,Saudi Arabia,202605,35891,8637
India,Saudi Arabia,202606,19806,4925
India,Saudi Arabia,202607,27860,6704
India,UAE,202501,77860,18737
India,UAE,202502,70616,18814
India,UAE,202503,113321,27270
India,UAE,202504,94447,23486
India,UAE,202505,84815,20410
India,UAE,202506,95578,23767
India,UAE,202507,73290,17637
India,UAE,202508,52143,12548
India,UAE,202509,54761,13617
India,UAE,202510,36593,8806
India,UAE,202511,56835,14133
India,UAE,202512,78001,18770
India,UAE,202601,54498,13115
India,UAE,202602,91064,24262
India,UAE,202603,67736,16300
India,UAE,202604,12921,3213
India,UAE,202605,2657,639
India,UAE,202606,40436,10055
India,UAE,202607,10419,2507
India,World,202501,581721,139988
India,World,202502,283081,75421
India,World,202503,2608524,627729
India,World,202504,1048238,260662
India,World,202506,1157832,287914
India,World,202507,1080143,259931
India,World,202508,1122299,270076
India,World,202509,990872,246397
India,World,202510,1141824,274774
India,World,202511,728772,181221
India,World,202512,817681,196771
India,World,202601,902402,217159
India,World,202602,748448,199408
India,World,202603,979660,235751
India,World,202604,543049,135038
India,World,202605,622690,149847
India,World,202606,511103,127094
India,World,202607,565695,136132
Indonesia,Bahrain,202502,0,0
Indonesia,Bahrain,202504,0,0
Indonesia,Bahrain,202505,20,5
Indonesia,Iraq,202509,85108,21163
Indonesia,Kuwait,202511,0,0
Indonesia,Oman,202604,33605,8356
Indonesia,Qatar,202502,7680,2046
Indonesia,Qatar,202503,11053,2660
Indonesia,Qatar,202504,9805,2438
Indonesia,Qatar,202505,9659,2324
Indonesia,Qatar,202506,11436,2844
Indonesia,Qatar,202507,11014,2650
Indonesia,Qatar,202508,21275,5120
Indonesia,Qatar,202509,14261,3546
Indonesia,Qatar,202510,12805,3081
Indonesia,Qatar,202511,11937,2968
Indonesia,Qatar,202512,11511,2770
Indonesia,Qatar,202601,12097,2911
Indonesia,Qatar,202602,13100,3490
Indonesia,Qatar,202603,1191,287
Indonesia,Qatar,202604,4852,1207
Indonesia,Qatar,202607,12995,3127
Indonesia,Saudi Arabia,202506,0,0
Indonesia,UAE,202501,117,28
Indonesia,UAE,202502,305,81
Indonesia,UAE,202503,207,50
Indonesia,UAE,202504,168,42
Indonesia,UAE,202505,239,57
Indonesia,UAE,202506,36462,9067
Indonesia,UAE,202507,276,66
Indonesia,UAE,202508,65,16
Indonesia,UAE,202509,445,111
Indonesia,UAE,202510,339,81
Indonesia,UAE,202511,25156,6256
Indonesia,UAE,202512,25038,6025
Indonesia,UAE,202601,305,73
Indonesia,UAE,202602,73,20
Indonesia,UAE,202603,269,65
Indonesia,UAE,202605,6,1
Indonesia,UAE,202606,28,7
Indonesia,UAE,202607,186,45
Indonesia,World,202501,631283,151915
Indonesia,World,202502,738395,196729
Indonesia,World,202503,1081986,260375
Indonesia,World,202504,680541,169228
Indonesia,World,202506,671501,166980
Indonesia,World,202507,397862,95744
Indonesia,World,202508,480098,115533
Indonesia,World,202509,624664,155333
Indonesia,World,202510,779198,187510
Indonesia,World,202511,722732,179719
Indonesia,World,202512,1114337,268160
Indonesia,World,202601,788676,189791
Indonesia,World,202602,679421,181017
Indonesia,World,202603,873789,210273
Indonesia,World,202604,944082,234762
Indonesia,World,202605,899339,216422
Indonesia,World,202606,845615,210276
Indonesia,World,202607,393800,94766
Japan,Kuwait,202505,66479,15998
Japan,Kuwait,202506,29450,7323
Japan,Kuwait,202509,18000,4476
Japan,Kuwait,202603,36078,8682
Japan,Kuwait,202606,0,0
Japan,Qatar,202501,6867,1652
Japan,Qatar,202502,3296,878
Japan,Qatar,202503,7801,1877
Japan,Qatar,202504,10439,2596
Japan,Qatar,202505,2860,688
Japan,Qatar,202506,6156,1531
Japan,Qatar,202507,8819,2122
Japan,Qatar,202508,4001,963
Japan,Qatar,202509,3753,933
Japan,Qatar,202510,13227,3183
Japan,Qatar,202511,5917,1471
Japan,Qatar,202512,10231,2462
Japan,Qatar,202601,7805,1878
Japan,Qatar,202602,6442,1716
Japan,Qatar,202603,11344,2730
Japan,Qatar,202604,7171,1783
Japan,Qatar,202605,2742,660
Japan,Qatar,202606,3430,853
Japan,Qatar,202607,738,178
Japan,UAE,202502,4,1
Japan,UAE,202504,0,0
Japan,UAE,202506,2,0
Japan,UAE,202508,3,1
Japan,UAE,202509,3,1
Japan,UAE,202510,3,1
Japan,UAE,202601,2,0
Japan,UAE,202604,2,0
Japan,UAE,202606,0,0
Japan,World,202501,731210,175962
Japan,World,202502,670014,178511
Japan,World,202503,710329,170937
Japan,World,202504,291448,72473
Japan,World,202505,494083,118899
Japan,World,202506,375845,93460
Japan,World,202507,256955,61835
Japan,World,202508,210323,50613
Japan,World,202509,215535,53596
Japan,World,202510,251539,60532
Japan,World,202511,229181,56990
Japan,World,202512,494134,118911
Japan,World,202601,572979,137885
Japan,World,202602,390817,104125
Japan,World,202603,413316,99463
Japan,World,202604,1079262,268376
Japan,World,202605,167284,40256
Japan,World,202606,201461,50097
Japan,World,202607,120058,28891
Malaysia,Bahrain,202504,2000,497
Malaysia,Iran,202512,84,20
Malaysia,Iran,202601,111,27
Malaysia,Iran,202602,106,28
Malaysia,Iran,202603,92,22
Malaysia,Iraq,202501,251239,60460
Malaysia,Iraq,202506,83707,20815
Malaysia,Iraq,202507,50307,12106
Malaysia,Iraq,202509,23185,5765
Malaysia,Iraq,202606,15728,3911
Malaysia,Kuwait,202503,25276,6082
Malaysia,Kuwait,202504,158369,39381
Malaysia,Kuwait,202505,156386,37634
Malaysia,Kuwait,202506,4205,1046
Malaysia,Kuwait,202508,39943,9612
Malaysia,Kuwait,202509,43543,10828
Malaysia,Kuwait,202512,65586,15783
Malaysia,Kuwait,202601,22298,5366
Malaysia,Kuwait,202602,203232,54147
Malaysia,Kuwait,202604,26517,6594
Malaysia,Kuwait,202607,38,9
Malaysia,Oman,202508,231965,55821
Malaysia,Oman,202509,102412,25466
Malaysia,Oman,202510,81244,19551
Malaysia,Oman,202511,286513,71246
Malaysia,Oman,202601,87713,21108
Malaysia,Oman,202604,38010,9452
Malaysia,Oman,202605,22,5
Malaysia,Oman,202606,103495,25736
Malaysia,Oman,202607,123192,29645
Malaysia,Qatar,202501,663,160
Malaysia,Qatar,202502,26916,7171
Malaysia,Qatar,202503,774,186
Malaysia,Qatar,202504,273,68
Malaysia,Qatar,202505,280,67
Malaysia,Qatar,202506,293,73
Malaysia,Qatar,202507,164,40
Malaysia,Qatar,202508,87,21
Malaysia,Qatar,202509,206,51
Malaysia,Qatar,202510,84,20
Malaysia,Qatar,202511,383,95
Malaysia,Qatar,202512,83,20
Malaysia,Qatar,202601,136,33
Malaysia,Qatar,202602,80,21
Malaysia,Qatar,202603,154,37
Malaysia,Qatar,202604,260,65
Malaysia,Qatar,202605,300,72
Malaysia,Qatar,202606,220,55
Malaysia,Qatar,202607,152,37
Malaysia,Saudi Arabia,202501,35635,8575
Malaysia,Saudi Arabia,202502,99881,26611
Malaysia,Saudi Arabia,202505,1,0
Malaysia,Saudi Arabia,202507,12,3
Malaysia,Saudi Arabia,202601,0,0
Malaysia,Saudi Arabia,202604,106724,26539
Malaysia,Saudi Arabia,202605,3808,916
Malaysia,Saudi Arabia,202607,59703,14367
Malaysia,UAE,202501,18707,4502
Malaysia,UAE,202502,396,106
Malaysia,UAE,202503,6777,1631
Malaysia,UAE,202504,9928,2469
Malaysia,UAE,202505,147155,35412
Malaysia,UAE,202506,68874,17127
Malaysia,UAE,202507,22454,5404
Malaysia,UAE,202508,81486,19609
Malaysia,UAE,202509,54746,13614
Malaysia,UAE,202510,122405,29456
Malaysia,UAE,202511,144911,36035
Malaysia,UAE,202512,85481,20571
Malaysia,UAE,202601,103599,24931
Malaysia,UAE,202602,44223,11782
Malaysia,UAE,202603,1269,305
Malaysia,UAE,202604,293875,73077
Malaysia,UAE,202605,102,25
Malaysia,UAE,202606,538,134
Malaysia,UAE,202607,475,114
Malaysia,World,202501,1770240,426000
Malaysia,World,202502,1264977,337026
Malaysia,World,202503,1323621,318523
Malaysia,World,202504,1412225,351173
Malaysia,World,202505,1440866,346737
Malaysia,World,202506,1512880,376203
Malaysia,World,202507,1752452,421719
Malaysia,World,202508,1791460,431106
Malaysia,World,202509,1587622,394789
Malaysia,World,202510,1410449,339418
Malaysia,World,202511,1673546,416155
Malaysia,World,202512,1558571,375063
Malaysia,World,202601,1493046,359294
Malaysia,World,202602,1714004,456660
Malaysia,World,202603,1581047,380471
Malaysia,World,202604,2382052,592337
Malaysia,World,202605,1199798,288726
Malaysia,World,202606,1623492,403708
Malaysia,World,202607,1709015,411266
Mauritius,Oman,202501,44325,10667
Mauritius,Oman,202502,88069,23464
Mauritius,Oman,202506,506,126
Mauritius,Oman,202508,77482,18646
Mauritius,Oman,202509,39729,9879
Mauritius,Oman,202510,80353,19337
Mauritius,Oman,202511,78668,19562
Mauritius,Oman,202512,73549,17699
Mauritius,Oman,202601,78160,18809
Mauritius,Oman,202602,77414,20625
Mauritius,Oman,202603,38404,9242
Mauritius,Oman,202604,75355,18738
Mauritius,Oman,202605,74894,18023
Mauritius,Oman,202606,73330,18235
Mauritius,Saudi Arabia,202502,7973,2124
Mauritius,Saudi Arabia,202503,3422,824
Mauritius,Saudi Arabia,202504,1100,274
Mauritius,Saudi Arabia,202505,2163,521
Mauritius,Saudi Arabia,202506,5006,1245
Mauritius,Saudi Arabia,202507,36573,8801
Mauritius,UAE,202501,77246,18589
Mauritius,UAE,202502,31579,8414
Mauritius,UAE,202503,105973,25502
Mauritius,UAE,202504,140913,35040
Mauritius,UAE,202505,151145,36372
Mauritius,UAE,202506,150225,37356
Mauritius,UAE,202507,124028,29847
Mauritius,UAE,202508,77867,18738
Mauritius,UAE,202509,57977,14417
Mauritius,UAE,202510,65989,15880
Mauritius,UAE,202511,48243,11997
Mauritius,UAE,202512,124514,29964
Mauritius,UAE,202601,73604,17712
Mauritius,UAE,202602,93816,24995
Mauritius,UAE,202603,93993,22619
Mauritius,UAE,202604,70242,17467
Mauritius,UAE,202605,6860,1651
Mauritius,UAE,202606,4845,1205
Mauritius,World,202501,140365,33778
Mauritius,World,202502,177386,47261
Mauritius,World,202503,198816,47844
Mauritius,World,202504,204032,50736
Mauritius,World,202505,187171,45042
Mauritius,World,202506,227158,56487
Mauritius,World,202507,173492,41750
Mauritius,World,202508,198723,47822
Mauritius,World,202509,119070,29609
Mauritius,World,202510,194154,46722
Mauritius,World,202511,197257,49051
Mauritius,World,202512,251968,60635
Mauritius,World,202601,159783,38451
Mauritius,World,202602,181720,48415
Mauritius,World,202603,142756,34353
Mauritius,World,202604,265911,66123
Mauritius,World,202605,204410,49190
Mauritius,World,202606,215992,53710
Pakistan,Bahrain,202501,46506,11191
Pakistan,Bahrain,202502,20139,5366
Pakistan,Bahrain,202503,11685,2812
Pakistan,Bahrain,202504,10169,2529
Pakistan,Bahrain,202505,1843,444
Pakistan,Bahrain,202507,2,0
Pakistan,Bahrain,202508,42,10
Pakistan,Bahrain,202509,44,11
Pakistan,Bahrain,202510,2345,564
Pakistan,Bahrain,202511,619,154
Pakistan,Bahrain,202512,36142,8697
Pakistan,Bahrain,202601,8155,1962
Pakistan,Iran,202501,359,86
Pakistan,Iran,202502,127,34
Pakistan,Iran,202503,417,100
Pakistan,Iran,202504,120,30
Pakistan,Iran,202505,1492,359
Pakistan,Iran,202506,191,47
Pakistan,Iran,202507,812,195
Pakistan,Iran,202508,1555,374
Pakistan,Iran,202509,1281,319
Pakistan,Iran,202510,1351,325
Pakistan,Iran,202511,766,190
Pakistan,Iran,202512,2153,518
Pakistan,Iran,202601,1460,351
Pakistan,Kuwait,202501,191567,46100
Pakistan,Kuwait,202502,143295,38178
Pakistan,Kuwait,202503,171629,41302
Pakistan,Kuwait,202504,124962,31074
Pakistan,Kuwait,202505,199859,48095
Pakistan,Kuwait,202506,196874,48956
Pakistan,Kuwait,202507,170854,41115
Pakistan,Kuwait,202508,168009,40431
Pakistan,Kuwait,202509,54561,13568
Pakistan,Kuwait,202510,115238,27731
Pakistan,Kuwait,202511,291344,72448
Pakistan,Kuwait,202512,317688,76450
Pakistan,Kuwait,202601,24677,5938
Pakistan,Oman,202501,2894,696
Pakistan,Oman,202502,4318,1150
Pakistan,Oman,202503,3845,925
Pakistan,Oman,202504,5422,1348
Pakistan,Oman,202505,5427,1306
Pakistan,Oman,202506,3433,854
Pakistan,Oman,202507,3658,880
Pakistan,Oman,202508,4171,1004
Pakistan,Oman,202510,1,0
Pakistan,Oman,202511,339,84
Pakistan,Oman,202512,8457,2035
Pakistan,Oman,202601,8093,1948
Pakistan,Qatar,202501,315,76
Pakistan,Qatar,202505,333,80
Pakistan,Qatar,202510,20,5
Pakistan,Qatar,202512,40,10
Pakistan,Saudi Arabia,202501,25193,6063
Pakistan,Saudi Arabia,202502,28722,7652
Pakistan,Saudi Arabia,202503,2354,566
Pakistan,Saudi Arabia,202504,40670,10113
Pakistan,Saudi Arabia,202505,89758,21600
Pakistan,Saudi Arabia,202506,13448,3344
Pakistan,Saudi Arabia,202507,364,88
Pakistan,Saudi Arabia,202508,50521,12158
Pakistan,Saudi Arabia,202509,10780,2681
Pakistan,Saudi Arabia,202510,9381,2257
Pakistan,Saudi Arabia,202511,149,37
Pakistan,Saudi Arabia,202512,78150,18806
Pakistan,Saudi Arabia,202601,1459,351
Pakistan,UAE,202501,1394,335
Pakistan,UAE,202502,20547,5474
Pakistan,UAE,202503,26016,6261
Pakistan,UAE,202504,26317,6544
Pakistan,UAE,202505,826,199
Pakistan,UAE,202506,1014,252
Pakistan,UAE,202507,1818,437
Pakistan,UAE,202508,1819,438
Pakistan,UAE,202509,1773,441
Pakistan,UAE,202510,1298,312
Pakistan,UAE,202511,3412,848
Pakistan,UAE,202512,1029,248
Pakistan,UAE,202601,948,228
Pakistan,World,202501,275823,66375
Pakistan,World,202502,239787,63886
Pakistan,World,202503,227364,54714
Pakistan,World,202504,222498,55328
Pakistan,World,202505,313293,75392
Pakistan,World,202506,224401,55801
Pakistan,World,202507,193580,46584
Pakistan,World,202508,245520,59083
Pakistan,World,202509,77971,19389
Pakistan,World,202510,149414,35956
Pakistan,World,202511,313147,77869
Pakistan,World,202512,458795,110407
Pakistan,World,202601,59898,14414
Philippines,Oman,202501,14,3
Philippines,Oman,202502,14,4
Philippines,Oman,202504,14,3
Philippines,Oman,202505,14,3
Philippines,Oman,202508,14,3
Philippines,Oman,202512,26,6
Philippines,Oman,202603,43923,10570
Philippines,Oman,202606,27,7
Philippines,Qatar,202501,40,10
Philippines,Saudi Arabia,202602,0,0
Philippines,UAE,202501,1097,264
Philippines,UAE,202502,344,92
Philippines,UAE,202503,749,180
Philippines,UAE,202504,671,167
Philippines,UAE,202505,335,81
Philippines,UAE,202506,527,131
Philippines,UAE,202507,765,184
Philippines,UAE,202508,747,180
Philippines,UAE,202509,535,133
Philippines,UAE,202511,483,120
Philippines,UAE,202512,520,125
Philippines,UAE,202601,445,107
Philippines,UAE,202602,285,76
Philippines,UAE,202603,332,80
Philippines,UAE,202604,88,22
Philippines,UAE,202605,93,22
Philippines,UAE,202606,157,39
Philippines,World,202501,778906,187440
Philippines,World,202502,747816,199240
Philippines,World,202503,686475,165197
Philippines,World,202504,726663,180697
Philippines,World,202505,702782,169121
Philippines,World,202506,892870,222027
Philippines,World,202507,840965,202374
Philippines,World,202508,795026,191319
Philippines,World,202509,710573,176696
Philippines,World,202511,543343,135111
Philippines,World,202512,919100,221177
Philippines,World,202601,927054,223091
Philippines,World,202602,894725,238380
Philippines,World,202603,767783,184763
Philippines,World,202604,703452,174925
Philippines,World,202605,627811,151080
Philippines,World,202606,558759,138945
Singapore,Bahrain,202501,108784,26178
Singapore,Bahrain,202502,229669,61190
Singapore,Bahrain,202503,89115,21445
Singapore,Bahrain,202504,57917,14402
Singapore,Bahrain,202508,15001,3610
Singapore,Bahrain,202509,125474,31201
Singapore,Bahrain,202510,82561,19868
Singapore,Bahrain,202511,229352,57032
Singapore,Bahrain,202512,157914,38001
Singapore,Bahrain,202601,167979,40423
Singapore,Bahrain,202602,39968,10649
Singapore,Bahrain,202603,239714,57686
Singapore,Iraq,202501,160043,38514
Singapore,Iraq,202502,44657,11898
Singapore,Iraq,202503,433159,104238
Singapore,Iraq,202504,340337,84631
Singapore,Iraq,202505,305094,73419
Singapore,Iraq,202506,69721,17337
Singapore,Iraq,202507,485778,116900
Singapore,Iraq,202508,170946,41137
Singapore,Iraq,202509,15006,3731
Singapore,Iraq,202510,280126,67411
Singapore,Iraq,202511,159506,39664
Singapore,Iraq,202512,0,0
Singapore,Iraq,202601,135896,32703
Singapore,Iraq,202602,0,0
Singapore,Iraq,202603,86693,20862
Singapore,Kuwait,202501,0,0
Singapore,Kuwait,202503,270646,65130
Singapore,Kuwait,202504,180385,44856
Singapore,Kuwait,202505,108870,26199
Singapore,Kuwait,202506,137565,34208
Singapore,Kuwait,202507,46270,11135
Singapore,Kuwait,202508,0,0
Singapore,Kuwait,202509,142431,35418
Singapore,Kuwait,202511,47297,11761
Singapore,Kuwait,202512,107357,25835
Singapore,Kuwait,202601,5000,1203
Singapore,Kuwait,202602,320803,85471
Singapore,Kuwait,202603,426264,102578
Singapore,Oman,202505,6522,1570
Singapore,Oman,202509,5000,1243
Singapore,Oman,202601,64705,15571
Singapore,Oman,202603,96947,23330
Singapore,Qatar,202501,26353,6342
Singapore,Qatar,202502,61260,16321
Singapore,Qatar,202503,13835,3329
Singapore,Qatar,202504,7353,1828
Singapore,Qatar,202505,25970,6250
Singapore,Qatar,202506,18464,4591
Singapore,Qatar,202507,80435,19356
Singapore,Qatar,202508,23202,5583
Singapore,Qatar,202509,11050,2748
Singapore,Qatar,202510,17570,4228
Singapore,Qatar,202511,12768,3175
Singapore,Qatar,202512,25687,6181
Singapore,Qatar,202601,10269,2471
Singapore,Qatar,202602,20270,5401
Singapore,Qatar,202603,7121,1714
Singapore,Saudi Arabia,202501,105193,25314
Singapore,Saudi Arabia,202502,115040,30650
Singapore,Saudi Arabia,202503,55726,13410
Singapore,Saudi Arabia,202504,34920,8683
Singapore,Saudi Arabia,202506,5015,1247
Singapore,Saudi Arabia,202507,5616,1352
Singapore,Saudi Arabia,202508,114371,27523
Singapore,Saudi Arabia,202509,304077,75614
Singapore,Saudi Arabia,202510,298352,71797
Singapore,Saudi Arabia,202511,149363,37142
Singapore,Saudi Arabia,202512,272380,65547
Singapore,Saudi Arabia,202601,128460,30913
Singapore,Saudi Arabia,202602,159729,42556
Singapore,Saudi Arabia,202603,379988,91442
Singapore,UAE,202501,140000,33690
Singapore,UAE,202502,237045,63156
Singapore,UAE,202503,442554,106498
Singapore,UAE,202504,257847,64118
Singapore,UAE,202505,25948,6244
Singapore,UAE,202506,298485,74223
Singapore,UAE,202507,529373,127391
Singapore,UAE,202508,361907,87091
Singapore,UAE,202509,146634,36463
Singapore,UAE,202510,332656,80052
Singapore,UAE,202511,196969,48980
Singapore,UAE,202512,327854,78896
Singapore,UAE,202601,201284,48438
Singapore,UAE,202602,193816,51638
Singapore,UAE,202603,294996,70989
Singapore,World,202501,5471816,1316766
Singapore,World,202502,3748553,998722
Singapore,World,202503,4598980,1106722
Singapore,World,202504,4671047,1161534
Singapore,World,202505,4101750,987066
Singapore,World,202506,3660927,910351
Singapore,World,202507,5680190,1366910
Singapore,World,202508,4300714,1034946
Singapore,World,202509,5088146,1265252
Singapore,World,202510,4618630,1111451
Singapore,World,202511,3973632,988110
Singapore,World,202512,4656493,1120563
Singapore,World,202601,5086737,1224099
Singapore,World,202602,3645700,971319
Singapore,World,202603,5928426,1426647
South Africa,Bahrain,202504,70,18
South Africa,Bahrain,202505,36,9
South Africa,Bahrain,202506,36,9
South Africa,Bahrain,202508,23,6
South Africa,Bahrain,202509,70,17
South Africa,Bahrain,202510,18,4
South Africa,Bahrain,202511,41,10
South Africa,Bahrain,202512,36,9
South Africa,Bahrain,202602,47,12
South Africa,Bahrain,202603,47,11
South Africa,Bahrain,202604,64,16
South Africa,Bahrain,202605,64,15
South Africa,Kuwait,202502,187,50
South Africa,Kuwait,202508,0,0
South Africa,Oman,202508,3285,791
South Africa,Oman,202511,3469,863
South Africa,Oman,202603,2980,717
South Africa,Qatar,202501,319,77
South Africa,Qatar,202502,417,111
South Africa,Qatar,202503,1002,241
South Africa,Qatar,202504,649,161
South Africa,Qatar,202505,768,185
South Africa,Qatar,202506,1091,271
South Africa,Qatar,202507,743,179
South Africa,Qatar,202508,556,134
South Africa,Qatar,202509,46,12
South Africa,Qatar,202511,279,69
South Africa,Qatar,202512,2047,493
South Africa,Qatar,202601,0,0
South Africa,Qatar,202603,869,209
South Africa,Qatar,202604,961,239
South Africa,Qatar,202605,515,124
South Africa,Saudi Arabia,202501,2532,609
South Africa,Saudi Arabia,202502,1768,471
South Africa,Saudi Arabia,202503,160,39
South Africa,Saudi Arabia,202504,1902,473
South Africa,Saudi Arabia,202505,9680,2329
South Africa,Saudi Arabia,202506,149,37
South Africa,Saudi Arabia,202507,8085,1946
South Africa,Saudi Arabia,202509,7372,1833
South Africa,Saudi Arabia,202510,8976,2160
South Africa,Saudi Arabia,202511,260,65
South Africa,Saudi Arabia,202512,380,91
South Africa,Saudi Arabia,202601,517,124
South Africa,Saudi Arabia,202602,398,106
South Africa,Saudi Arabia,202603,9897,2382
South Africa,Saudi Arabia,202604,50,12
South Africa,Saudi Arabia,202605,8453,2034
South Africa,UAE,202501,248,60
South Africa,UAE,202502,740,197
South Africa,UAE,202503,815,196
South Africa,UAE,202504,1162,289
South Africa,UAE,202505,18101,4356
South Africa,UAE,202506,982,244
South Africa,UAE,202507,20190,4859
South Africa,UAE,202508,1823,439
South Africa,UAE,202509,3416,850
South Africa,UAE,202510,1846,444
South Africa,UAE,202511,1830,455
South Africa,UAE,202512,1929,464
South Africa,UAE,202601,12031,2895
South Africa,UAE,202602,2345,625
South Africa,UAE,202603,1630,392
South Africa,UAE,202604,218,54
South Africa,UAE,202605,264,63
South Africa,World,202501,9772,2352
South Africa,World,202502,6870,1830
South Africa,World,202503,12916,3108
South Africa,World,202504,25033,6225
South Africa,World,202505,59197,14245
South Africa,World,202506,24902,6192
South Africa,World,202507,54998,13235
South Africa,World,202508,20874,5023
South Africa,World,202509,32806,8158
South Africa,World,202510,64131,15433
South Africa,World,202511,15389,3827
South Africa,World,202512,30047,7231
South Africa,World,202601,59036,14207
South Africa,World,202602,20041,5340
South Africa,World,202603,34452,8291
South Africa,World,202604,30420,7564
South Africa,World,202605,31945,7687
Thailand,Oman,202604,0,0
Thailand,Qatar,202501,1502,361
Thailand,Qatar,202502,3938,1049
Thailand,Qatar,202503,1706,411
Thailand,Qatar,202504,549,137
Thailand,Qatar,202505,3608,868
Thailand,Qatar,202506,3277,815
Thailand,Qatar,202507,1091,263
Thailand,Qatar,202508,3374,812
Thailand,Qatar,202509,2683,667
Thailand,Qatar,202510,4660,1121
Thailand,Qatar,202511,1578,392
Thailand,Qatar,202512,2086,502
Thailand,Qatar,202601,3977,957
Thailand,Qatar,202602,2552,680
Thailand,Qatar,202603,1783,429
Thailand,Qatar,202604,3389,843
Thailand,Qatar,202605,870,209
Thailand,Saudi Arabia,202503,607,146
Thailand,Saudi Arabia,202504,516,128
Thailand,Saudi Arabia,202508,1009,243
Thailand,Saudi Arabia,202509,201,50
Thailand,Saudi Arabia,202511,721,179
Thailand,Saudi Arabia,202603,931,224
Thailand,UAE,202501,217,52
Thailand,UAE,202502,247,66
Thailand,UAE,202503,84,20
Thailand,UAE,202504,403,100
Thailand,UAE,202505,212,51
Thailand,UAE,202506,285,71
Thailand,UAE,202507,638,154
Thailand,UAE,202508,504,121
Thailand,UAE,202509,701,174
Thailand,UAE,202510,137,33
Thailand,UAE,202511,43692,10865
Thailand,UAE,202512,167,40
Thailand,UAE,202601,136,33
Thailand,UAE,202602,609,162
Thailand,UAE,202603,476,114
Thailand,UAE,202604,106,26
Thailand,UAE,202605,98,24
Thailand,World,202501,196980,47402
Thailand,World,202502,57547,15332
Thailand,World,202503,51139,12306
Thailand,World,202504,62465,15533
Thailand,World,202505,100319,24141
Thailand,World,202506,48500,12060
Thailand,World,202507,58447,14065
Thailand,World,202508,90603,21803
Thailand,World,202509,93757,23314
Thailand,World,202510,57077,13735
Thailand,World,202511,132151,32862
Thailand,World,202512,134623,32396
Thailand,World,202601,151609,36484
Thailand,World,202602,94339,25135
Thailand,World,202603,154489,37177
Thailand,World,202604,184318,45834
Thailand,World,202605,99794,24015
Togo,Kuwait,202501,19,5
Togo,Kuwait,202505,149,36
Togo,Saudi Arabia,202501,4,1
Togo,Saudi Arabia,202502,4,1
Togo,Saudi Arabia,202503,30,7
Togo,Saudi Arabia,202509,17,4
Togo,Saudi Arabia,202511,64,16
Togo,Saudi Arabia,202512,231,56
Togo,Saudi Arabia,202601,351,84
Togo,Saudi Arabia,202602,92,25
Togo,Saudi Arabia,202603,153,37
Togo,UAE,202501,209,50
Togo,UAE,202502,435,116
Togo,UAE,202503,1263,304
Togo,UAE,202504,893,222
Togo,UAE,202505,1733,417
Togo,UAE,202506,1100,273
Togo,UAE,202507,1587,382
Togo,UAE,202508,661,159
Togo,UAE,202509,572,142
Togo,UAE,202510,1330,320
Togo,UAE,202511,1021,254
Togo,UAE,202512,425,102
Togo,UAE,202601,1078,259
Togo,UAE,202602,846,225
Togo,UAE,202603,1555,374
Togo,World,202501,11316,2723
Togo,World,202502,7114,1895
Togo,World,202503,10125,2437
Togo,World,202504,5984,1488
Togo,World,202505,8244,1984
Togo,World,202506,6227,1549
Togo,World,202507,19384,4665
Togo,World,202508,9744,2345
Togo,World,202509,12431,3091
Togo,World,202510,8424,2027
Togo,World,202511,9907,2464
Togo,World,202512,9456,2276
Togo,World,202601,11219,2700
Togo,World,202602,8492,2262
Togo,World,202603,5351,1288
